seqName,NEAT1chk1_tuc0.05,NEAT1chk1116_tuc0.05,NEAT1chk22_tuc0.05,NEAT1chk910_tuc0.05,gene_type
AAGAB_chr15_67200667_67255195_-_ENSG00000103591.13_ENSG00000103591.13.unspliced,1511,42049,567,38694,protein_coding
AARS1_chr16_70251983_70289707_-_ENSG00000090861.17_ENSG00000090861.17.unspliced,3926,8110,1994,3916,protein_coding
AARSD1_chr17_42950526_42964498_-_ENSG00000266967.7_ENSG00000266967.7.unspliced,1210,2911,1354,1043,protein_coding
ABCA3_chr16_2275881_2340746_-_ENSG00000167972.14_ENSG00000167972.14.unspliced,18643,10912,16489,9013,protein_coding
ABCB10_chr1_229516582_229558707_-_ENSG00000135776.5_ENSG00000135776.5.unspliced,1405,24363,3460,16977,protein_coding
ABCB6_chr2_219209772_219218994_-_ENSG00000115657.14_ENSG00000115657.14.unspliced,6301,1808,5773,475,protein_coding
ABCF1_chr6_30571393_30597179_+_ENSG00000204574.14_ENSG00000204574.14.unspliced,5906,5486,722,3593,protein_coding
ABCF2_chr7_151211484_151227205_-_ENSG00000033050.9_ENSG00000033050.9.unspliced,4157,4757,2778,5854,protein_coding
ABCF3_chr3_184186095_184194012_+_ENSG00000161204.12_ENSG00000161204.12.unspliced,4838,3928,2015,2968,protein_coding
ABHD16A_chr6_31686955_31703356_-_ENSG00000204427.12_ENSG00000204427.12.unspliced,3966,4535,3658,3001,protein_coding
ABHD2_chr15_89087459_89202355_+_ENSG00000140526.18_ENSG00000140526.18.unspliced,10605,76449,3983,64102,protein_coding
ABL1_chr9_130713043_130887675_+_ENSG00000097007.20_ENSG00000097007.20.unspliced,12411,91350,7170,79177,protein_coding
ABO_chr9_133233278_133276024_-_ENSG00000175164.16_ENSG00000175164.16.unspliced,13162,16290,14572,10510,protein_coding
ACAA1_chr3_38103129_38137242_-_ENSG00000060971.19_ENSG00000060971.19.unspliced,11413,11157,11330,4404,protein_coding
ACACA_chr17_37084992_37406836_-_ENSG00000278540.5_ENSG00000278540.5.unspliced,12207,219805,2352,195655,protein_coding
ACAD9_chr3_128879596_128924003_+_ENSG00000177646.20_ENSG00000177646.20.unspliced,8812,14902,4329,8255,protein_coding
ACBD6_chr1_180269653_180502954_-_ENSG00000230124.8_ENSG00000230124.8.unspliced,3543,180703,4137,170779,protein_coding
ACCS_chr11_44065925_44084237_+_ENSG00000110455.14_ENSG00000110455.14.unspliced,3498,7535,3484,2212,protein_coding
ACIN1_chr14_23058564_23095614_-_ENSG00000100813.15_ENSG00000100813.15.unspliced,8709,21496,219,19365,protein_coding
ACO2_chr22_41447830_41529273_+_ENSG00000100412.17_ENSG00000100412.17.unspliced,21768,25648,11345,14839,protein_coding
ACSL3_chr2_222860942_222944639_+_ENSG00000123983.15_ENSG00000123983.15.unspliced,5822,65522,603,61764,protein_coding
ACSL4_chrX_109624244_109733403_-_ENSG00000068366.21_ENSG00000068366.21.unspliced,3855,88250,806,83487,protein_coding
ACTB_chr7_5526409_5563902_-_ENSG00000075624.17_ENSG00000075624.17.unspliced,15571,3496,10991,1558,protein_coding
ACTN4_chr19_38647649_38731589_+_ENSG00000130402.14_ENSG00000130402.14.unspliced,32559,16720,27094,8924,protein_coding
ACTR3B_chr7_152759749_152855378_+_ENSG00000133627.18_ENSG00000133627.18.unspliced,13886,64673,5815,51172,protein_coding
ACTR5_chr20_38748460_38772520_+_ENSG00000101442.10_ENSG00000101442.10.unspliced,3979,14889,605,11688,protein_coding
ACVR2B_chr3_38453890_38493142_+_ENSG00000114739.14_ENSG00000114739.14.unspliced,8174,21979,10754,17331,protein_coding
ADAM10_chr15_58588809_58749791_-_ENSG00000137845.15_ENSG00000137845.15.unspliced,3981,125169,2207,115274,protein_coding
ADAM15_chr1_155050566_155062775_+_ENSG00000143537.14_ENSG00000143537.14.unspliced,8364,1354,6693,558,protein_coding
ADAMTS14_chr10_70672506_70762441_+_ENSG00000138316.11_ENSG00000138316.11.unspliced,44353,28619,33089,10615,protein_coding
ADAMTS3_chr4_72280969_72569221_-_ENSG00000156140.11_ENSG00000156140.11.unspliced,2931,252266,1227,237652,protein_coding
ADCY7_chr16_50246137_50318135_+_ENSG00000121281.13_ENSG00000121281.13.unspliced,33374,15693,25119,7285,protein_coding
ADGRV1_chr5_90529344_91164437_+_ENSG00000164199.18_ENSG00000164199.18.unspliced,14627,531265,4408,502962,protein_coding
ADIPOR2_chr12_1688574_1788674_+_ENSG00000006831.10_ENSG00000006831.10.unspliced,3073,78100,1019,73084,protein_coding
ADPGK_chr15_72751294_72785846_-_ENSG00000159322.18_ENSG00000159322.18.unspliced,2689,21018,459,17392,protein_coding
AEN_chr15_88621337_88632281_+_ENSG00000181026.15_ENSG00000181026.15.unspliced,6597,2283,3299,1849,protein_coding
AFAP1-AS1_chr4_7754077_7778928_+_ENSG00000272620.2_ENSG00000272620.2.unspliced,9331,3453,7563,1274,lncRNA
AFDN_chr6_167826893_167972023_+_ENSG00000130396.22_ENSG00000130396.22.unspliced,4834,129675,3944,117962,protein_coding
AFF1_chr4_86935002_87141039_+_ENSG00000172493.23_ENSG00000172493.23.unspliced,8456,148238,1536,135618,protein_coding
AFF4_chr5_132875395_132963634_-_ENSG00000072364.13_ENSG00000072364.13.unspliced,1049,55851,662,53211,protein_coding
AFG3L1P_chr16_89972581_90002161_+_ENSG00000293510.2_ENSG00000293510.2.unspliced,9532,10225,4549,4386,lncRNA
AFG3L2_chr18_12328944_12377227_-_ENSG00000141385.12_ENSG00000141385.12.unspliced,4532,27470,4196,21942,protein_coding
AFMID_chr17_78187358_78207702_+_ENSG00000183077.16_ENSG00000183077.16.unspliced,4332,2094,2075,1693,protein_coding
AGAP3_chr7_151085831_151144436_+_ENSG00000133612.20_ENSG00000133612.20.unspliced,35187,8432,27010,3078,protein_coding
AGK_chr7_141551278_141655244_+_ENSG00000006530.18_ENSG00000006530.18.unspliced,6991,79276,1087,70174,protein_coding
AGO1_chr1_35869808_35930532_+_ENSG00000092847.14_ENSG00000092847.14.unspliced,5243,32937,2753,29595,protein_coding
AGO2_chr8_140520156_140635633_-_ENSG00000123908.12_ENSG00000123908.12.unspliced,44212,36850,34449,26790,protein_coding
AGO3_chr1_35930718_36072500_+_ENSG00000126070.20_ENSG00000126070.20.unspliced,2251,90887,261,81538,protein_coding
AGPAT1_chr6_32168212_32178096_-_ENSG00000204310.13_ENSG00000204310.13.unspliced,3639,3521,3771,1974,protein_coding
AGPAT3_chr21_43865223_43987592_+_ENSG00000160216.21_ENSG00000160216.21.unspliced,43823,41096,33462,24502,protein_coding
AGPAT5_chr8_6708642_6761503_+_ENSG00000155189.12_ENSG00000155189.12.unspliced,764,47357,678,43395,protein_coding
AGPS_chr2_177392746_177567024_+_ENSG00000018510.18_ENSG00000018510.18.unspliced,5224,148826,739,132213,protein_coding
AGTRAP_chr1_11736084_11754802_+_ENSG00000177674.16_ENSG00000177674.16.unspliced,7654,4038,7048,355,protein_coding
AIG1_chr6_143060496_143341058_+_ENSG00000146416.19_ENSG00000146416.19.unspliced,3949,224654,1595,195555,protein_coding
AIMP2_chr7_6009255_6023834_+_ENSG00000106305.10_ENSG00000106305.10.unspliced,1830,3829,1604,3135,protein_coding
AKAP10_chr17_19904302_19978343_-_ENSG00000108599.15_ENSG00000108599.15.unspliced,3418,45123,1575,37912,protein_coding
AKAP1_chr17_57085092_57121346_+_ENSG00000121057.13_ENSG00000121057.13.unspliced,11502,15257,7469,9285,protein_coding
AKAP8L_chr19_15380050_15419141_-_ENSG00000011243.19_ENSG00000011243.19.unspliced,7843,15805,5690,9233,protein_coding
AKAP8_chr19_15353385_15379815_-_ENSG00000105127.10_ENSG00000105127.10.unspliced,9829,3825,9148,3511,protein_coding
AKR1A1_chr1_45550543_45570049_+_ENSG00000117448.14_ENSG00000117448.14.unspliced,5615,4372,1696,1195,protein_coding
AKR7A2_chr1_19301991_19312144_-_ENSG00000053371.14_ENSG00000053371.14.unspliced,4265,2512,3902,1508,protein_coding
AKT2_chr19_40230317_40285536_-_ENSG00000105221.18_ENSG00000105221.18.unspliced,23029,16224,18230,9419,protein_coding
ALDH1A2_chr15_57953424_58497866_-_ENSG00000128918.15_ENSG00000128918.15.unspliced,20303,392664,16333,348480,protein_coding
ALDH1B1_chr9_38392702_38398661_+_ENSG00000137124.8_ENSG00000137124.8.unspliced,2004,2523,2178,815,protein_coding
ALDH4A1_chr1_18871430_18902724_-_ENSG00000159423.17_ENSG00000159423.17.unspliced,14696,4436,13552,872,protein_coding
ALKBH5_chr17_18183078_18209954_+_ENSG00000091542.9_ENSG00000091542.9.unspliced,7072,8700,4609,5490,protein_coding
AMDHD2_chr16_2520357_2531422_+_ENSG00000162066.16_ENSG00000162066.16.unspliced,5561,1805,4165,375,protein_coding
AMFR_chr16_56361452_56425545_-_ENSG00000159461.15_ENSG00000159461.15.unspliced,7350,47827,6890,37299,protein_coding
AMMECR1L_chr2_127861630_127885967_-_ENSG00000144233.12_ENSG00000144233.12.unspliced,4665,13191,2943,10853,protein_coding
AMPD2_chr1_109616104_109632051_+_ENSG00000116337.20_ENSG00000116337.20.unspliced,8894,4656,8863,621,protein_coding
ANAPC4_chr4_25377263_25418498_+_ENSG00000053900.11_ENSG00000053900.11.unspliced,887,35803,1037,33449,protein_coding
ANAPC7_chr12_110372900_110403730_-_ENSG00000196510.14_ENSG00000196510.14.unspliced,2206,14549,1306,11633,protein_coding
ANK1_chr8_41653220_41896741_-_ENSG00000029534.22_ENSG00000029534.22.unspliced,66054,86954,49413,51521,protein_coding
ANKLE2_chr12_132725503_132761832_-_ENSG00000176915.15_ENSG00000176915.15.unspliced,11548,11649,5997,7869,protein_coding
ANKMY1_chr2_240479422_240569209_-_ENSG00000144504.16_ENSG00000144504.16.unspliced,32576,34250,24640,26173,protein_coding
ANKRD10_chr13_110878540_110915069_-_ENSG00000088448.14_ENSG00000088448.14.unspliced,1646,31446,1186,27798,protein_coding
ANKRD11_chr16_89267619_89490561_-_ENSG00000167522.18_ENSG00000167522.18.unspliced,69500,94419,48550,65005,protein_coding
ANKRD12_chr18_9136228_9285985_+_ENSG00000101745.17_ENSG00000101745.17.unspliced,4093,116783,2108,106002,protein_coding
ANKRD13D_chr11_67289300_67302485_+_ENSG00000172932.16_ENSG00000172932.16.unspliced,3066,6920,3760,3598,protein_coding
ANKRD17_chr4_73073376_73258798_-_ENSG00000132466.20_ENSG00000132466.20.unspliced,5174,156583,1901,138307,protein_coding
ANKRD23_chr2_96824526_96857934_-_ENSG00000163126.15_ENSG00000163126.15.unspliced,8701,5870,10806,5368,protein_coding
ANKRD27_chr19_32597006_32676597_-_ENSG00000105186.16_ENSG00000105186.16.unspliced,16756,25482,11157,16525,protein_coding
ANKRD36_chr2_97113153_97264521_+_ENSG00000135976.21_ENSG00000135976.21.unspliced,1762,138287,1631,127787,protein_coding
ANKRD52_chr12_56237807_56258384_-_ENSG00000139645.11_ENSG00000139645.11.unspliced,10523,3793,7822,835,protein_coding
ANKS3_chr16_4696510_4734378_-_ENSG00000168096.15_ENSG00000168096.15.unspliced,9892,11130,5785,10354,protein_coding
ANKS6_chr9_98731329_98796965_-_ENSG00000165138.18_ENSG00000165138.18.unspliced,11737,33479,11127,26795,protein_coding
ANKZF1_chr2_219229783_219236679_+_ENSG00000163516.14_ENSG00000163516.14.unspliced,2416,2848,1080,1772,protein_coding
ANP32A_chr15_68778535_68820897_-_ENSG00000140350.15_ENSG00000140350.15.unspliced,11561,17612,5228,8052,protein_coding
ANP32B_chr9_97983341_98015943_+_ENSG00000136938.9_ENSG00000136938.9.unspliced,2299,21881,2426,21509,protein_coding
ANXA11_chr10_80150889_80205572_-_ENSG00000122359.18_ENSG00000122359.18.unspliced,14464,22824,16404,12426,protein_coding
AP1B1_chr22_29327680_29388583_-_ENSG00000100280.17_ENSG00000100280.17.unspliced,13868,16709,15287,8827,protein_coding
AP3D1_chr19_2100988_2164468_-_ENSG00000065000.20_ENSG00000065000.20.unspliced,28267,11899,26437,2835,protein_coding
AP5Z1_chr7_4775615_4794397_+_ENSG00000242802.9_ENSG00000242802.9.unspliced,11476,2254,9868,846,protein_coding
APBB3_chr5_140558268_140564781_-_ENSG00000113108.20_ENSG00000113108.20.unspliced,3055,3916,3667,422,protein_coding
APH1A_chr1_150265399_150269580_-_ENSG00000117362.13_ENSG00000117362.13.unspliced,3025,1243,3854,240,protein_coding
APLP2_chr11_130068147_130144811_+_ENSG00000084234.18_ENSG00000084234.18.unspliced,7628,49432,3935,41788,protein_coding
ARAF_chrX_47561205_47571908_+_ENSG00000078061.14_ENSG00000078061.14.unspliced,4129,5475,4025,4059,protein_coding
ARF1_chr1_228082708_228099212_+_ENSG00000143761.17_ENSG00000143761.17.unspliced,9063,6551,4803,1917,protein_coding
ARFGAP2_chr11_47164299_47177125_-_ENSG00000149182.15_ENSG00000149182.15.unspliced,7832,2809,5266,523,protein_coding
ARHGAP21_chr10_24583609_24723887_-_ENSG00000107863.20_ENSG00000107863.20.unspliced,4612,112002,1795,100096,protein_coding
ARHGAP4_chrX_153907367_153934999_-_ENSG00000089820.17_ENSG00000089820.17.unspliced,15683,2135,15442,1294,protein_coding
ARHGAP6_chrX_11117651_11665920_-_ENSG00000047648.23_ENSG00000047648.23.unspliced,5642,467122,5481,419070,protein_coding
ARID1A_chr1_26693236_26782104_+_ENSG00000117713.21_ENSG00000117713.21.unspliced,6325,49566,4775,40701,protein_coding
ARID1B_chr6_156776020_157210779_+_ENSG00000049618.25_ENSG00000049618.25.unspliced,15906,348587,5362,311539,protein_coding
ARID3A_chr19_925781_975939_+_ENSG00000116017.11_ENSG00000116017.11.unspliced,25906,2677,19844,682,protein_coding
ARID4B_chr1_235131634_235328219_-_ENSG00000054267.22_ENSG00000054267.22.unspliced,7809,127713,2895,115850,protein_coding
ARID5A_chr2_96536743_96552638_+_ENSG00000196843.18_ENSG00000196843.18.unspliced,5421,2505,5919,2734,protein_coding
ARIH2_chr3_48918821_48986382_+_ENSG00000177479.20_ENSG00000177479.20.unspliced,2887,32974,1014,26045,protein_coding
ARL15_chr5_53883942_54310582_-_ENSG00000185305.12_ENSG00000185305.12.unspliced,3900,344923,1161,322003,protein_coding
ARL8A_chr1_202133404_202144743_-_ENSG00000143862.8_ENSG00000143862.8.unspliced,3183,2052,1106,1570,protein_coding
ARMC6_chr19_19033575_19060311_+_ENSG00000105676.14_ENSG00000105676.14.unspliced,5548,7698,6522,5364,protein_coding
ARPC1A_chr7_99325898_99366262_+_ENSG00000241685.10_ENSG00000241685.10.unspliced,2797,17244,1688,12753,protein_coding
ARPC1B_chr7_99374249_99394816_+_ENSG00000130429.16_ENSG00000130429.16.unspliced,9052,1380,6202,259,protein_coding
ARPC4-TTLL3_chr3_9793082_9835401_+_ENSG00000250151.9_ENSG00000250151.9.unspliced,9121,12421,6182,8530,protein_coding
ARPC4_chr3_9792495_9807101_+_ENSG00000241553.13_ENSG00000241553.13.unspliced,3680,5038,1163,4738,protein_coding
ARPC5L_chr9_124862130_124877733_+_ENSG00000136950.13_ENSG00000136950.13.unspliced,5426,2446,4117,1024,protein_coding
ARVCF_chr22_19969896_20016823_-_ENSG00000099889.14_ENSG00000099889.14.unspliced,25033,11152,23983,6669,protein_coding
ASB1_chr2_238426742_238452250_+_ENSG00000065802.12_ENSG00000065802.12.unspliced,5786,15718,5550,11522,protein_coding
ASIC4_chr2_219514170_219538772_+_ENSG00000072182.14_ENSG00000072182.14.unspliced,13284,3096,10992,1399,protein_coding
ASL_chr7_66075800_66094697_+_ENSG00000126522.17_ENSG00000126522.17.unspliced,5548,1095,3373,833,protein_coding
ASPH_chr8_61500556_61714640_-_ENSG00000198363.18_ENSG00000198363.18.unspliced,6434,178276,4047,165247,protein_coding
ASXL2_chr2_25733753_25878487_-_ENSG00000143970.18_ENSG00000143970.18.unspliced,1531,98589,1266,88143,protein_coding
ATAD3A_chr1_1512162_1534685_+_ENSG00000197785.14_ENSG00000197785.14.unspliced,14909,3956,12660,713,protein_coding
ATAD3B_chr1_1471765_1497848_+_ENSG00000160072.20_ENSG00000160072.20.unspliced,15607,4082,12662,365,protein_coding
ATF6B_chr6_32115264_32128253_-_ENSG00000213676.13_ENSG00000213676.13.unspliced,5021,2191,3637,894,protein_coding
ATF6_chr1_161766298_161977574_+_ENSG00000118217.7_ENSG00000118217.7.unspliced,2880,171312,2176,157284,protein_coding
ATG4B_chr2_241637213_241673857_+_ENSG00000168397.17_ENSG00000168397.17.unspliced,14438,12654,8469,6374,protein_coding
ATG9A_chr2_219219380_219229717_-_ENSG00000198925.12_ENSG00000198925.12.unspliced,5597,1533,3876,573,protein_coding
ATOX1_chr5_151742316_151772532_-_ENSG00000177556.12_ENSG00000177556.12.unspliced,3560,12142,1739,8426,protein_coding
ATP1A1_chr1_116372668_116410261_+_ENSG00000163399.16_ENSG00000163399.16.unspliced,3240,28652,2720,25356,protein_coding
ATP1B3_chr3_141876124_141926549_+_ENSG00000069849.11_ENSG00000069849.11.unspliced,1970,36714,1870,31428,protein_coding
ATP2A3_chr17_3923868_3964464_-_ENSG00000074370.19_ENSG00000074370.19.unspliced,20055,4678,16094,1403,protein_coding
ATP5MC2_chr12_53632726_53677408_-_ENSG00000135390.21_ENSG00000135390.21.unspliced,3682,19304,322,13214,protein_coding
ATP5MF-PTCD1_chr7_99419749_99466197_-_ENSG00000248919.7_ENSG00000248919.7.unspliced,17032,8930,11533,3739,protein_coding
ATP5MF_chr7_99448475_99466186_-_ENSG00000241468.8_ENSG00000241468.8.unspliced,7782,4209,5449,2603,protein_coding
ATP5PO_chr21_33903453_33915814_-_ENSG00000241837.7_ENSG00000241837.7.unspliced,1733,9317,455,9783,protein_coding
ATP6V0A1_chr17_42458844_42522582_+_ENSG00000033627.18_ENSG00000033627.18.unspliced,4320,29335,2487,25126,protein_coding
ATP6V0A2_chr12_123712353_123761755_+_ENSG00000185344.15_ENSG00000185344.15.unspliced,3682,30103,642,26780,protein_coding
ATP6V0D1_chr16_67438014_67481181_-_ENSG00000159720.13_ENSG00000159720.13.unspliced,17533,6268,13531,3438,protein_coding
ATP6V0E1_chr5_172983771_173035445_+_ENSG00000113732.9_ENSG00000113732.9.unspliced,2439,23519,217,22326,protein_coding
ATPSCKMT_chr5_10225507_10249897_-_ENSG00000150756.14_ENSG00000150756.14.unspliced,2827,17019,2088,13149,protein_coding
ATRIP_chr3_48446710_48467645_+_ENSG00000164053.22_ENSG00000164053.22.unspliced,3080,6610,3197,6158,protein_coding
ATXN2L_chr16_28822999_28837237_+_ENSG00000168488.19_ENSG00000168488.19.unspliced,6811,5243,4556,3210,protein_coding
ATXN2_chr12_111443485_111599676_-_ENSG00000204842.18_ENSG00000204842.18.unspliced,8313,92036,5945,79478,protein_coding
AUH_chr9_91213815_91361918_-_ENSG00000148090.12_ENSG00000148090.12.unspliced,4568,116270,935,106850,protein_coding
AURKB_chr17_8204733_8210600_-_ENSG00000178999.13_ENSG00000178999.13.unspliced,2844,1132,1563,647,protein_coding
AXIN1_chr16_287440_352723_-_ENSG00000103126.15_ENSG00000103126.15.unspliced,27754,16403,26749,6347,protein_coding
B3GNT2_chr2_62196115_62224731_+_ENSG00000170340.11_ENSG00000170340.11.unspliced,5564,20533,2265,13679,protein_coding
B4GALNT1_chr12_57623409_57633239_-_ENSG00000135454.14_ENSG00000135454.14.unspliced,6415,3193,5243,870,protein_coding
B4GALT2_chr1_43978943_43991170_+_ENSG00000117411.18_ENSG00000117411.18.unspliced,7621,2738,5019,1046,protein_coding
BAG1_chr9_33247820_33264720_-_ENSG00000107262.26_ENSG00000107262.26.unspliced,1695,12065,3015,7496,protein_coding
BAG3_chr10_119651380_119677819_+_ENSG00000151929.10_ENSG00000151929.10.unspliced,6197,6884,3941,4136,protein_coding
BAG6_chr6_31639028_31652705_-_ENSG00000204463.14_ENSG00000204463.14.unspliced,5894,3317,3603,906,protein_coding
BAHD1_chr15_40439721_40468236_+_ENSG00000140320.12_ENSG00000140320.12.unspliced,12342,6425,10046,2562,protein_coding
BAP1_chr3_52401008_52410008_-_ENSG00000163930.10_ENSG00000163930.10.unspliced,4953,1273,4077,749,protein_coding
BAZ1B_chr7_73440406_73522293_-_ENSG00000009954.11_ENSG00000009954.11.unspliced,3278,48075,1248,43083,protein_coding
BAZ2A_chr12_56595596_56636816_-_ENSG00000076108.12_ENSG00000076108.12.unspliced,8439,15311,3875,12240,protein_coding
BCAN-AS2_chr1_156614740_156661503_-_ENSG00000229953.2_ENSG00000229953.2.unspliced,17442,9252,13713,5226,lncRNA
BCAP31_chrX_153700492_153724565_-_ENSG00000185825.17_ENSG00000185825.17.unspliced,10874,6025,7901,3466,protein_coding
BCAR1_chr16_75228181_75268053_-_ENSG00000050820.17_ENSG00000050820.17.unspliced,23813,5807,19522,734,protein_coding
BCAT2_chr19_48795062_48811029_-_ENSG00000105552.15_ENSG00000105552.15.unspliced,6741,2057,3310,1267,protein_coding
BCL2L1_chr20_31664452_31723989_-_ENSG00000171552.14_ENSG00000171552.14.unspliced,8338,25170,4573,12504,protein_coding
BCL2L2-PABPN1_chr14_23306833_23326175_+_ENSG00000258643.6_ENSG00000258643.6.unspliced,8932,9179,1850,7253,protein_coding
BCL7B_chr7_73536356_73557690_-_ENSG00000106635.8_ENSG00000106635.8.unspliced,1582,7307,2151,4817,protein_coding
BCOR_chrX_40049815_40177329_-_ENSG00000183337.18_ENSG00000183337.18.unspliced,58887,27933,45668,14937,protein_coding
BCR_chr22_23179704_23318037_+_ENSG00000186716.21_ENSG00000186716.21.unspliced,56718,34367,45113,20084,protein_coding
BDP1_chr5_71455651_71567820_+_ENSG00000145734.20_ENSG00000145734.20.unspliced,3942,72016,1631,64187,protein_coding
BFAR_chr16_14632931_14669236_+_ENSG00000103429.11_ENSG00000103429.11.unspliced,2310,13025,1478,10383,protein_coding
BICD2_chr9_92711363_92764833_-_ENSG00000185963.14_ENSG00000185963.14.unspliced,16840,25374,17861,14710,protein_coding
BID_chr22_17734138_17774770_-_ENSG00000015475.19_ENSG00000015475.19.unspliced,9902,10781,8866,5490,protein_coding
BIN3_chr8_22620418_22669148_-_ENSG00000147439.14_ENSG00000147439.14.unspliced,11311,16482,8874,9397,protein_coding
BIRC5_chr17_78214186_78225636_+_ENSG00000089685.15_ENSG00000089685.15.unspliced,2123,2304,318,1720,protein_coding
BLACAT1_chr1_205434885_205457091_-_ENSG00000281406.2_ENSG00000281406.2.unspliced,8254,4325,6279,2134,protein_coding
BLCAP_chr20_37492472_37527931_-_ENSG00000166619.15_ENSG00000166619.15.unspliced,13562,12103,7837,7864,protein_coding
BLVRB_chr19_40447765_40465764_-_ENSG00000090013.11_ENSG00000090013.11.unspliced,2640,3894,2223,2696,protein_coding
BMP2K_chr4_78776342_78916365_+_ENSG00000138756.19_ENSG00000138756.19.unspliced,1428,120957,296,118122,protein_coding
BNIP3_chr10_131967684_131981967_-_ENSG00000176171.12_ENSG00000176171.12.unspliced,5525,6408,982,4852,protein_coding
BOD1L1_chr4_13568738_13627725_-_ENSG00000038219.13_ENSG00000038219.13.unspliced,1076,45747,1266,39862,protein_coding
BOLA3_chr2_74135400_74147912_-_ENSG00000163170.12_ENSG00000163170.12.unspliced,3684,4893,1819,4710,protein_coding
BOP1_chr8_144262045_144291438_-_ENSG00000261236.8_ENSG00000261236.8.unspliced,19755,5387,14610,551,protein_coding
BORCS8_chr19_19176903_19192591_-_ENSG00000254901.8_ENSG00000254901.8.unspliced,6191,1452,3398,365,protein_coding
BRAP_chr12_111642146_111685956_-_ENSG00000089234.16_ENSG00000089234.16.unspliced,924,22460,202,20064,protein_coding
BRAT1_chr7_2537810_2555694_-_ENSG00000106009.16_ENSG00000106009.16.unspliced,8499,3002,6469,2341,protein_coding
BRD2_chr6_32968594_32981505_+_ENSG00000204256.15_ENSG00000204256.15.unspliced,6257,4779,6899,3143,protein_coding
BRD3_chr9_134030305_134068535_-_ENSG00000169925.17_ENSG00000169925.17.unspliced,22896,7833,20347,1313,protein_coding
BRD4_chr19_15235519_15332545_-_ENSG00000141867.19_ENSG00000141867.19.unspliced,29000,43994,20618,30810,protein_coding
BRD7_chr16_50313487_50368988_-_ENSG00000166164.17_ENSG00000166164.17.unspliced,2283,45792,293,43683,protein_coding
BRD9_chr5_850291_892801_-_ENSG00000028310.18_ENSG00000028310.18.unspliced,22525,19832,22592,5091,protein_coding
BRF2_chr8_37843268_37849861_-_ENSG00000104221.14_ENSG00000104221.14.unspliced,533,2537,227,884,protein_coding
BRI3BP_chr12_124993645_125031231_+_ENSG00000184992.13_ENSG00000184992.13.unspliced,6014,14120,1059,9894,protein_coding
BRPF1_chr3_9731729_9748019_+_ENSG00000156983.17_ENSG00000156983.17.unspliced,9741,4297,4130,498,protein_coding
BRWD1_chr21_39184176_39321559_-_ENSG00000185658.14_ENSG00000185658.14.unspliced,3566,104645,2967,97998,protein_coding
BSDC1_chr1_32364633_32394731_-_ENSG00000160058.19_ENSG00000160058.19.unspliced,4353,13434,7297,5451,protein_coding
BUD23_chr7_73683597_73698212_+_ENSG00000071462.13_ENSG00000071462.13.unspliced,5730,5741,920,4355,protein_coding
BUD31_chr7_99408641_99419616_+_ENSG00000106245.11_ENSG00000106245.11.unspliced,2912,4135,914,2929,protein_coding
BYSL_chr6_41921229_41933050_+_ENSG00000112578.11_ENSG00000112578.11.unspliced,1852,4747,1324,3098,protein_coding
C10orf71_chr10_49299170_49327492_+_ENSG00000177354.12_ENSG00000177354.12.unspliced,5293,9575,6228,5033,protein_coding
C10orf95-AS1_chr10_102435771_102461106_+_ENSG00000269609.7_ENSG00000269609.7.unspliced,2906,5426,1693,5181,lncRNA
C11orf24_chr11_68261338_68272001_-_ENSG00000171067.11_ENSG00000171067.11.unspliced,3481,3223,2563,674,protein_coding
C17orf99_chr17_78146385_78166297_+_ENSG00000187997.12_ENSG00000187997.12.unspliced,3681,2981,2894,637,protein_coding
C19orf48P_chr19_50797687_50804931_-_ENSG00000293495.2_ENSG00000293495.2.unspliced,2404,1437,1107,834,lncRNA
C1RL_chr12_7089587_7109238_-_ENSG00000139178.12_ENSG00000139178.12.unspliced,4415,4672,3567,4197,protein_coding
C1orf159_chr1_1081818_1116361_-_ENSG00000131591.18_ENSG00000131591.18.unspliced,13805,8907,14490,4467,protein_coding
C1orf174_chr1_3889125_3900293_-_ENSG00000198912.12_ENSG00000198912.12.unspliced,1347,4768,989,3219,protein_coding
C1orf43_chr1_154206696_154220637_-_ENSG00000143612.21_ENSG00000143612.21.unspliced,617,5951,251,4624,protein_coding
C21orf58_chr21_46300181_46323875_-_ENSG00000160298.18_ENSG00000160298.18.unspliced,5680,4648,3762,3776,protein_coding
C22orf39_chr22_19351368_19447711_-_ENSG00000242259.9_ENSG00000242259.9.unspliced,15402,38990,14554,24281,protein_coding
C2CD2L_chr11_119102198_119118544_+_ENSG00000172375.14_ENSG00000172375.14.unspliced,6039,3233,2581,1606,protein_coding
C2CD2_chr21_41885112_41954018_-_ENSG00000157617.17_ENSG00000157617.17.unspliced,5702,36690,4482,24335,protein_coding
CA5BP1_chrX_15674932_15703724_+_ENSG00000290746.2_ENSG00000290746.2.unspliced,2782,21854,1414,16337,lncRNA
CAB39_chr2_230712842_230821075_+_ENSG00000135932.12_ENSG00000135932.12.unspliced,2916,79389,2086,70587,protein_coding
CABIN1_chr22_24011192_24178628_+_ENSG00000099991.18_ENSG00000099991.18.unspliced,46595,69233,42603,46301,protein_coding
CACTIN_chr19_3610645_3626815_-_ENSG00000105298.14_ENSG00000105298.14.unspliced,10077,1743,7174,488,protein_coding
CALM3_chr19_46601074_46610782_+_ENSG00000160014.17_ENSG00000160014.17.unspliced,6652,1196,4416,225,protein_coding
CAMKK2_chr12_121237675_121298308_-_ENSG00000110931.19_ENSG00000110931.19.unspliced,15118,15376,10025,10144,protein_coding
CAMSAP1-DT_chr9_135907802_135916147_+_ENSG00000238058.3_ENSG00000238058.3.unspliced,3190,2532,1908,1365,lncRNA
CANX_chr5_179678628_179731641_+_ENSG00000127022.16_ENSG00000127022.16.unspliced,6709,19517,2297,18299,protein_coding
CAP1_chr1_40040233_40072649_+_ENSG00000131236.18_ENSG00000131236.18.unspliced,3026,19148,1853,18006,protein_coding
CAPRIN1_chr11_34051731_34102610_+_ENSG00000135387.21_ENSG00000135387.21.unspliced,2042,37021,2177,34336,protein_coding
CARS1_chr11_3000922_3057613_-_ENSG00000110619.18_ENSG00000110619.18.unspliced,17401,18285,18176,8995,protein_coding
CASC3_chr17_40140318_40172183_+_ENSG00000108349.18_ENSG00000108349.18.unspliced,1348,12172,204,10979,protein_coding
CASP6_chr4_109688622_109703583_-_ENSG00000138794.10_ENSG00000138794.10.unspliced,911,7424,699,5384,protein_coding
CASP9_chr1_15490832_15526534_-_ENSG00000132906.18_ENSG00000132906.18.unspliced,4854,15275,4690,10894,protein_coding
CAVIN1_chr17_42402449_42423256_-_ENSG00000177469.13_ENSG00000177469.13.unspliced,5575,2923,4592,1424,protein_coding
CAVIN2-AS1_chr2_191844916_192085236_+_ENSG00000233766.9_ENSG00000233766.9.unspliced,2181,202026,1543,194146,lncRNA
CBFA2T3_chr16_88874858_88977207_-_ENSG00000129993.15_ENSG00000129993.15.unspliced,60414,11886,59934,2915,protein_coding
CBFB_chr16_67028984_67101058_+_ENSG00000067955.15_ENSG00000067955.15.unspliced,1551,45271,738,36752,protein_coding
CBS_chr21_43053191_43076943_-_ENSG00000160200.18_ENSG00000160200.18.unspliced,17131,3783,16257,802,protein_coding
CCAR2_chr8_22604757_22620964_+_ENSG00000158941.17_ENSG00000158941.17.unspliced,4052,7342,3400,4207,protein_coding
CCDC12_chr3_46916634_46982010_-_ENSG00000160799.13_ENSG00000160799.13.unspliced,20677,19489,16706,11654,protein_coding
CCDC136_chr7_128790757_128822132_+_ENSG00000128596.17_ENSG00000128596.17.unspliced,5388,10374,4168,7834,protein_coding
CCDC144NL-AS1_chr17_20841125_21002324_+_ENSG00000233098.11_ENSG00000233098.11.unspliced,18594,94907,13259,89041,lncRNA
CCDC18_chr1_93179919_93278730_+_ENSG00000122483.18_ENSG00000122483.18.unspliced,2964,72791,2602,68301,protein_coding
CCDC32_chr15_40528683_40565054_-_ENSG00000128891.17_ENSG00000128891.17.unspliced,2284,15387,1964,10293,protein_coding
CCDC6_chr10_59788747_59906556_-_ENSG00000108091.11_ENSG00000108091.11.unspliced,4303,94474,2043,89812,protein_coding
CCDC93_chr2_117915478_118014133_-_ENSG00000125633.11_ENSG00000125633.11.unspliced,5317,77867,3321,64476,protein_coding
CCHCR1_chr6_31142439_31158238_-_ENSG00000204536.15_ENSG00000204536.15.unspliced,4429,1564,3788,1227,protein_coding
CCM2_chr7_44999475_45076469_+_ENSG00000136280.17_ENSG00000136280.17.unspliced,12746,37960,9919,25387,protein_coding
CCND2_chr12_4269771_4305353_+_ENSG00000118971.9_ENSG00000118971.9.unspliced,13003,10977,7500,8585,protein_coding
CCNF_chr16_2429394_2458854_+_ENSG00000162063.13_ENSG00000162063.13.unspliced,9890,6516,8574,1319,protein_coding
CCNL2_chr1_1385711_1399335_-_ENSG00000221978.13_ENSG00000221978.13.unspliced,3723,4324,3810,2842,protein_coding
CCNY_chr10_35247025_35572669_+_ENSG00000108100.18_ENSG00000108100.18.unspliced,31284,205502,13794,170318,protein_coding
CCS_chr11_66593153_66606019_+_ENSG00000173992.9_ENSG00000173992.9.unspliced,4664,1443,3926,489,protein_coding
CCT3_chr1_156308968_156367873_-_ENSG00000163468.15_ENSG00000163468.15.unspliced,5053,24505,2003,21638,protein_coding
CCT7_chr2_73233420_73253021_+_ENSG00000135624.17_ENSG00000135624.17.unspliced,4416,11108,1395,9330,protein_coding
CD33_chr19_51225064_51243860_+_ENSG00000105383.15_ENSG00000105383.15.unspliced,1406,13472,1356,9957,protein_coding
CD46_chr1_207752037_207795513_+_ENSG00000117335.21_ENSG00000117335.21.unspliced,1669,36665,2329,33385,protein_coding
CD55_chr1_207321519_207386804_+_ENSG00000196352.18_ENSG00000196352.18.unspliced,1349,56281,3074,49216,protein_coding
CD58_chr1_116514534_116571039_-_ENSG00000116815.16_ENSG00000116815.16.unspliced,4518,40838,1180,33419,protein_coding
CD59_chr11_33703010_33736479_-_ENSG00000085063.18_ENSG00000085063.18.unspliced,650,25323,450,18531,protein_coding
CDAN1_chr15_42723544_42737128_-_ENSG00000140326.13_ENSG00000140326.13.unspliced,5777,3963,5728,443,protein_coding
CDC25A_chr3_48157146_48188417_-_ENSG00000164045.12_ENSG00000164045.12.unspliced,3018,19994,2764,16661,protein_coding
CDC37_chr19_10391090_10420121_-_ENSG00000105401.10_ENSG00000105401.10.unspliced,13832,5772,7352,1943,protein_coding
CDC42_chr1_22052627_22101360_+_ENSG00000070831.18_ENSG00000070831.18.unspliced,2303,33787,1772,32707,protein_coding
CDC45_chr22_19479457_19520612_+_ENSG00000093009.11_ENSG00000093009.11.unspliced,12918,16774,7751,14087,protein_coding
CDC73_chr1_193121983_193254815_+_ENSG00000134371.15_ENSG00000134371.15.unspliced,3152,111037,1898,103573,protein_coding
CDCA3_chr12_6844793_6851292_-_ENSG00000111665.12_ENSG00000111665.12.unspliced,2142,2135,409,572,protein_coding
CDCA4_chr14_105009573_105021083_-_ENSG00000170779.11_ENSG00000170779.11.unspliced,5606,5082,6166,2188,protein_coding
CDCA5_chr11_65066300_65084164_-_ENSG00000146670.10_ENSG00000146670.10.unspliced,3977,2421,3941,545,protein_coding
CDCA8_chr1_37692481_37709719_+_ENSG00000134690.11_ENSG00000134690.11.unspliced,2647,6229,1659,7253,protein_coding
CDK11B_chr1_1635225_1659012_-_ENSG00000248333.9_ENSG00000248333.9.unspliced,10440,5231,6761,2277,protein_coding
CDK12_chr17_39461486_39567559_+_ENSG00000167258.16_ENSG00000167258.16.unspliced,3787,46970,5241,39899,protein_coding
CDK16_chrX_47217860_47229997_+_ENSG00000102225.17_ENSG00000102225.17.unspliced,6377,4719,6323,2464,protein_coding
CDK17_chr12_96278261_96400480_-_ENSG00000059758.8_ENSG00000059758.8.unspliced,1886,98694,1424,90595,protein_coding
CDK2_chr12_55966781_55972789_+_ENSG00000123374.11_ENSG00000123374.11.unspliced,1334,3166,1004,3079,protein_coding
CDK5RAP2_chr9_120388875_120580170_-_ENSG00000136861.19_ENSG00000136861.19.unspliced,15666,139920,8583,125902,protein_coding
CDK5RAP2_chr9_120388875_120580170_-_ENSG00000136861.19_ENST00000686842.1,550,3925,433,3063,protein_coding
CDK6_chr7_92604921_92836573_-_ENSG00000105810.10_ENSG00000105810.10.unspliced,6928,191778,2355,180903,protein_coding
CDK9_chr9_127785679_127790792_+_ENSG00000136807.14_ENSG00000136807.14.unspliced,3716,1233,3100,364,protein_coding
CELF1_chr11_47465933_47565569_-_ENSG00000149187.19_ENSG00000149187.19.unspliced,4602,54315,3107,46818,protein_coding
CENATAC_chr11_118998138_119015793_+_ENSG00000186166.9_ENSG00000186166.9.unspliced,1132,5659,1492,5729,protein_coding
CENPA_chr2_26764289_26801067_+_ENSG00000115163.15_ENSG00000115163.15.unspliced,6971,11306,4051,7702,protein_coding
CENPH_chr5_69189574_69210357_+_ENSG00000153044.10_ENSG00000153044.10.unspliced,692,9293,327,7453,protein_coding
CENPJ_chr13_24882279_24922889_-_ENSG00000151849.16_ENSG00000151849.16.unspliced,2466,31342,2121,29431,protein_coding
CENPM_chr22_41927514_41947152_-_ENSG00000100162.16_ENSG00000100162.16.unspliced,7965,3953,6839,758,protein_coding
CENPO_chr2_24793136_24822376_+_ENSG00000138092.11_ENSG00000138092.11.unspliced,6034,16801,3389,19154,protein_coding
CENPU_chr4_184694085_184734130_-_ENSG00000151725.12_ENSG00000151725.12.unspliced,1592,31516,697,30033,protein_coding
CENPV_chr17_16342534_16353656_-_ENSG00000166582.11_ENSG00000166582.11.unspliced,2552,2366,630,2102,protein_coding
CEP170_chr1_243124428_243255793_-_ENSG00000143702.17_ENSG00000143702.17.unspliced,2565,109761,244,100698,protein_coding
CEP192_chr18_12991362_13125052_+_ENSG00000101639.19_ENSG00000101639.19.unspliced,8789,106507,3388,103451,protein_coding
CEP72_chr5_612340_667168_+_ENSG00000112877.8_ENSG00000112877.8.unspliced,32174,27593,18913,15062,protein_coding
CEP85L_chr6_118460772_118710075_-_ENSG00000111860.14_ENSG00000111860.14.unspliced,14438,202997,260,191637,protein_coding
CEP85_chr1_26234200_26278808_+_ENSG00000130695.16_ENSG00000130695.16.unspliced,3139,18745,1250,17456,protein_coding
CERS2_chr1_150960583_150975003_-_ENSG00000143418.20_ENSG00000143418.20.unspliced,4925,2927,3207,269,protein_coding
CFAP298_chr21_32592079_32612603_-_ENSG00000159079.19_ENSG00000159079.19.unspliced,1940,10317,2509,6864,protein_coding
CFAP410_chr21_44328944_44339402_-_ENSG00000160226.16_ENSG00000160226.16.unspliced,6948,2369,7107,1257,protein_coding
CFLAR_chr2_201116154_201176687_+_ENSG00000003402.21_ENSG00000003402.21.unspliced,9672,33845,3500,25782,protein_coding
CHAF1A_chr19_4402640_4445018_+_ENSG00000167670.16_ENSG00000167670.16.unspliced,8487,12551,5154,6125,protein_coding
CHAF1B_chr21_36385392_36419015_+_ENSG00000159259.8_ENSG00000159259.8.unspliced,4260,12227,2066,9665,protein_coding
CHCHD3_chr7_132784870_133082090_-_ENSG00000106554.13_ENSG00000106554.13.unspliced,6643,249996,3789,240991,protein_coding
CHCHD4_chr3_14112077_14124870_-_ENSG00000163528.13_ENSG00000163528.13.unspliced,1557,4221,2993,5112,protein_coding
CHD3_chr17_7884796_7912760_+_ENSG00000170004.19_ENSG00000170004.19.unspliced,15131,4028,6691,868,protein_coding
CHD9_chr16_53054991_53329150_+_ENSG00000177200.18_ENSG00000177200.18.unspliced,8030,190939,3580,167565,protein_coding
CHID1_chr11_867859_915058_-_ENSG00000177830.18_ENSG00000177830.18.unspliced,25280,7218,21855,1231,protein_coding
CHKA_chr11_68052859_68121444_-_ENSG00000110721.12_ENSG00000110721.12.unspliced,1087,39108,812,35611,protein_coding
CHPT1_chr12_101696947_101744140_+_ENSG00000111666.11_ENSG00000111666.11.unspliced,3184,34034,1985,30759,protein_coding
CHST10_chr2_100391860_100417668_-_ENSG00000115526.11_ENSG00000115526.11.unspliced,7222,9136,6133,8146,protein_coding
CHST11_chr12_104455295_104762014_+_ENSG00000171310.11_ENSG00000171310.11.unspliced,28053,170815,17422,132018,protein_coding
CIZ1_chr9_128161251_128204383_-_ENSG00000148337.22_ENSG00000148337.22.unspliced,15602,7985,10853,2531,protein_coding
CKAP5_chr11_46743048_46846308_-_ENSG00000175216.15_ENSG00000175216.15.unspliced,3517,71064,1348,64559,protein_coding
CLASP2_chr3_33496245_33718356_-_ENSG00000163539.19_ENSG00000163539.19.unspliced,1529,183161,250,170945,protein_coding
CLCN3_chr4_169612633_169723673_+_ENSG00000109572.16_ENSG00000109572.16.unspliced,2075,92902,617,85827,protein_coding
CLCN6_chr1_11806096_11848079_+_ENSG00000011021.23_ENSG00000011021.23.unspliced,4436,14009,3077,14288,protein_coding
CLCN7_chr16_1444934_1475077_-_ENSG00000103249.19_ENSG00000103249.19.unspliced,17691,6109,17423,1664,protein_coding
CLIC4_chr1_24745382_24844321_+_ENSG00000169504.15_ENSG00000169504.15.unspliced,6697,61933,1526,56735,protein_coding
CLK2_chr1_155262868_155278491_-_ENSG00000176444.20_ENSG00000176444.20.unspliced,6236,5216,2977,1450,protein_coding
CLK3_chr15_74598500_74645414_+_ENSG00000179335.20_ENSG00000179335.20.unspliced,21103,11229,13591,2792,protein_coding
CLNS1A_chr11_77514936_77637794_-_ENSG00000074201.9_ENSG00000074201.9.unspliced,7254,69994,2962,60698,protein_coding
CLPTM1_chr19_44954585_44993341_+_ENSG00000104853.16_ENSG00000104853.16.unspliced,11510,7954,8700,2526,protein_coding
CMC1_chr3_28241584_28325142_+_ENSG00000187118.14_ENSG00000187118.14.unspliced,1569,72477,255,68883,protein_coding
CMIP_chr16_81444808_81711762_+_ENSG00000153815.18_ENSG00000153815.18.unspliced,88248,94542,67428,47654,protein_coding
CMPK1_chr1_47333790_47394866_+_ENSG00000162368.15_ENSG00000162368.15.unspliced,1231,33067,1757,26878,protein_coding
CMSS1_chr3_99817837_100181732_+_ENSG00000184220.12_ENSG00000184220.12.unspliced,1987,308015,571,287252,protein_coding
CMTR1_chr6_37433219_37482827_+_ENSG00000137200.13_ENSG00000137200.13.unspliced,9592,29051,5161,24344,protein_coding
CNDP2_chr18_74495816_74523454_+_ENSG00000133313.15_ENSG00000133313.15.unspliced,9174,9542,7163,6579,protein_coding
CNIH1_chr14_54423561_54441391_-_ENSG00000100528.12_ENSG00000100528.12.unspliced,1025,15127,204,15625,protein_coding
CNNM3_chr2_96816245_96835382_+_ENSG00000168763.16_ENSG00000168763.16.unspliced,6765,5462,6319,3914,protein_coding
CNOT10_chr3_32685145_32773875_+_ENSG00000182973.20_ENSG00000182973.20.unspliced,1864,48953,204,39659,protein_coding
CNOT3_chr19_54137749_54155681_+_ENSG00000088038.20_ENSG00000088038.20.unspliced,10493,4100,8604,1590,protein_coding
CNPPD1_chr2_219171897_219178106_-_ENSG00000115649.16_ENSG00000115649.16.unspliced,2998,1350,1789,958,protein_coding
CNPY3_chr6_42929480_42939294_+_ENSG00000137161.18_ENSG00000137161.18.unspliced,1939,2367,1030,1985,protein_coding
COA6_chr1_234373456_234385080_+_ENSG00000168275.16_ENSG00000168275.16.unspliced,575,4952,989,4471,protein_coding
COA7_chr1_52684449_52698347_-_ENSG00000162377.6_ENSG00000162377.6.unspliced,1156,6425,932,4233,protein_coding
COG8_chr16_69320140_69339583_-_ENSG00000213380.16_ENSG00000213380.16.unspliced,5918,4628,3022,2026,protein_coding
COLGALT1_chr19_17555649_17583162_+_ENSG00000130309.12_ENSG00000130309.12.unspliced,9712,4320,9601,1977,protein_coding
COLGALT2_chr1_183929854_184037729_-_ENSG00000198756.12_ENSG00000198756.12.unspliced,5437,80323,3211,68441,protein_coding
COMT_chr22_19941371_19969975_+_ENSG00000093010.15_ENSG00000093010.15.unspliced,12935,4704,8466,3084,protein_coding
COP1_chr1_175944831_176207286_-_ENSG00000143207.21_ENSG00000143207.21.unspliced,5052,211607,426,200041,protein_coding
COPG1_chr3_129249606_129277773_+_ENSG00000181789.14_ENSG00000181789.14.unspliced,7705,13339,2763,8674,protein_coding
COPS2_chr15_49106068_49155661_-_ENSG00000166200.15_ENSG00000166200.15.unspliced,1558,42520,2286,40468,protein_coding
COPS9_chr2_240126563_240136807_-_ENSG00000172428.11_ENSG00000172428.11.unspliced,6401,2699,7429,403,protein_coding
COPZ1_chr12_54301202_54351846_+_ENSG00000111481.10_ENSG00000111481.10.unspliced,1874,19444,2098,12414,protein_coding
COQ4_chr9_128322544_128334072_+_ENSG00000167113.11_ENSG00000167113.11.unspliced,4227,2681,2973,483,protein_coding
COQ9_chr16_57447425_57461270_+_ENSG00000088682.14_ENSG00000088682.14.unspliced,4268,6205,467,4802,protein_coding
CORO1C_chr12_108645109_108731526_-_ENSG00000110880.11_ENSG00000110880.11.unspliced,9710,70624,3105,64581,protein_coding
CORO7-PAM16_chr16_4340251_4420494_-_ENSG00000103426.12_ENSG00000103426.12.unspliced,42154,10387,31859,3325,protein_coding
COX4I1_chr16_85798633_85807068_+_ENSG00000131143.10_ENSG00000131143.10.unspliced,2470,5984,2499,4539,protein_coding
COX6B1_chr19_35648323_35658782_+_ENSG00000126267.11_ENSG00000126267.11.unspliced,1057,3430,392,980,protein_coding
COX6C_chr8_99873200_99893707_-_ENSG00000164919.11_ENSG00000164919.11.unspliced,1843,15409,222,14705,protein_coding
CPNE1_chr20_35626031_35664956_-_ENSG00000214078.13_ENSG00000214078.13.unspliced,7450,27313,4643,24558,protein_coding
CPNE7_chr16_89575758_89597246_+_ENSG00000178773.15_ENSG00000178773.15.unspliced,11345,2767,10960,790,protein_coding
CPSF1_chr8_144393229_144409335_-_ENSG00000071894.17_ENSG00000071894.17.unspliced,9847,1276,9138,504,protein_coding
CPSF4_chr7_99438922_99457373_+_ENSG00000160917.15_ENSG00000160917.15.unspliced,6235,4269,6003,1059,protein_coding
CPSF7_chr11_61402641_61430031_-_ENSG00000149532.16_ENSG00000149532.16.unspliced,2481,18935,1601,17183,protein_coding
CR1L_chr1_207645113_207738416_+_ENSG00000197721.17_ENSG00000197721.17.unspliced,3303,57777,1739,60107,protein_coding
CRAMP1_chr16_1612337_1677908_+_ENSG00000007545.16_ENSG00000007545.16.unspliced,26272,20538,21068,6356,protein_coding
CRCP_chr7_66114604_66154568_+_ENSG00000241258.8_ENSG00000241258.8.unspliced,2207,21809,777,18869,protein_coding
CREG1_chr1_167529117_167553805_-_ENSG00000143162.9_ENSG00000143162.9.unspliced,1377,14333,2963,11771,protein_coding
CRKL_chr22_20917407_20953747_+_ENSG00000099942.13_ENSG00000099942.13.unspliced,1914,16499,2697,15106,protein_coding
CROCCP2_chr1_16618969_16657232_-_ENSG00000215908.12_ENSG00000215908.12.unspliced,14481,12710,11415,8947,transcribed_unprocessed_pseudogene
CRTC2_chr1_153947669_153958615_-_ENSG00000160741.17_ENSG00000160741.17.unspliced,4220,4651,4612,1174,protein_coding
CRY2_chr11_45847118_45883248_+_ENSG00000121671.12_ENSG00000121671.12.unspliced,7986,17196,5298,7714,protein_coding
CSAD_chr12_53157663_53180925_-_ENSG00000139631.20_ENSG00000139631.20.unspliced,5211,8608,3477,5855,protein_coding
CSK_chr15_74782080_74803197_+_ENSG00000103653.17_ENSG00000103653.17.unspliced,10503,3424,10053,1133,protein_coding
CSNK1D_chr17_82239023_82273700_-_ENSG00000141551.15_ENSG00000141551.15.unspliced,17186,10841,15112,3415,protein_coding
CSNK1E_chr22_38290691_38318084_-_ENSG00000213923.13_ENSG00000213923.13.unspliced,13597,5787,9779,1762,protein_coding
CSNK1G2_chr19_1941172_1981338_+_ENSG00000133275.16_ENSG00000133275.16.unspliced,24970,4327,22284,790,protein_coding
CSNK2A1_chr20_472498_543835_-_ENSG00000101266.19_ENSG00000101266.19.unspliced,1677,48971,769,45402,protein_coding
CSNK2B_chr6_31665227_31670343_+_ENSG00000204435.15_ENSG00000204435.15.unspliced,1175,1305,2051,735,protein_coding
CSRNP1_chr3_39141855_39154562_-_ENSG00000144655.15_ENSG00000144655.15.unspliced,6806,3518,4506,1620,protein_coding
CTBP1_chr4_1211445_1250333_-_ENSG00000159692.18_ENSG00000159692.18.unspliced,29036,6036,25118,3210,protein_coding
CTBP2_chr10_124984317_125161170_-_ENSG00000175029.17_ENSG00000175029.17.unspliced,53748,79941,42971,48173,protein_coding
CTCFL_chr20_57495966_57525652_-_ENSG00000124092.13_ENSG00000124092.13.unspliced,3501,14200,2711,12197,protein_coding
CTDNEP1_chr17_7243591_7252491_-_ENSG00000175826.12_ENSG00000175826.12.unspliced,3176,1368,3902,1361,protein_coding
CTDSP2_chr12_57819927_57846729_-_ENSG00000175215.11_ENSG00000175215.11.unspliced,6321,7011,7791,4319,protein_coding
CTNNB1_chr3_41194741_41260096_+_ENSG00000168036.19_ENSG00000168036.19.unspliced,3712,49455,3345,45272,protein_coding
CTPS1_chr1_40979300_41012565_+_ENSG00000171793.17_ENSG00000171793.17.unspliced,3343,19042,1099,14454,protein_coding
CTSB_chr8_11842524_11869533_-_ENSG00000164733.23_ENSG00000164733.23.unspliced,9954,7279,4693,3099,protein_coding
CTSZ_chr20_58985686_59008238_-_ENSG00000101160.15_ENSG00000101160.15.unspliced,8000,1994,5937,3632,protein_coding
CTTN-DT_chr11_70371622_70398492_-_ENSG00000246889.4_ENSG00000246889.4.unspliced,1581,9327,1215,5704,lncRNA
CTTN_chr11_70398404_70436584_+_ENSG00000085733.16_ENSG00000085733.16.unspliced,17352,12518,13064,4647,protein_coding
CUL3_chr2_224470150_224585397_-_ENSG00000036257.14_ENSG00000036257.14.unspliced,1297,95349,1190,88963,protein_coding
CUL4A_chr13_113208193_113267108_+_ENSG00000139842.15_ENSG00000139842.15.unspliced,5174,32462,4234,28926,protein_coding
CXXC5_chr5_139647299_139683882_+_ENSG00000171604.12_ENSG00000171604.12.unspliced,19591,4278,14438,1332,protein_coding
CYB561A3_chr11_61348754_61362283_-_ENSG00000162144.10_ENSG00000162144.10.unspliced,5629,3021,939,982,protein_coding
CYBC1_chr17_82440912_82450829_-_ENSG00000178927.19_ENSG00000178927.19.unspliced,6075,1612,5717,1182,protein_coding
CYRIB_chr8_129839593_130017504_-_ENSG00000153310.22_ENSG00000153310.22.unspliced,14422,109110,6749,99397,protein_coding
D2HGDH_chr2_241734602_241768816_+_ENSG00000180902.18_ENSG00000180902.18.unspliced,19546,10158,12505,3262,protein_coding
DAP3_chr1_155687960_155739010_+_ENSG00000132676.16_ENSG00000132676.16.unspliced,4346,24536,1308,21826,protein_coding
DAP_chr5_10679230_10761234_-_ENSG00000112977.16_ENSG00000112977.16.unspliced,5711,52927,6529,39000,protein_coding
DAZAP1_chr19_1407569_1435687_+_ENSG00000071626.17_ENSG00000071626.17.unspliced,19901,3584,14337,1085,protein_coding
DBF4B_chr17_44708608_44752264_+_ENSG00000161692.18_ENSG00000161692.18.unspliced,4931,15795,3171,9890,protein_coding
DBN1_chr5_177456608_177474401_-_ENSG00000113758.14_ENSG00000113758.14.unspliced,9977,1441,8914,927,protein_coding
DBNL_chr7_44044640_44069456_+_ENSG00000136279.21_ENSG00000136279.21.unspliced,9611,6939,9121,3194,protein_coding
DCAF11_chr14_24114195_24125242_+_ENSG00000100897.18_ENSG00000100897.18.unspliced,4381,2435,880,1098,protein_coding
DCAF4_chr14_72926377_72959703_+_ENSG00000119599.17_ENSG00000119599.17.unspliced,7268,8308,2708,5800,protein_coding
DCAKD_chr17_45023338_45061131_-_ENSG00000172992.13_ENSG00000172992.13.unspliced,8901,5996,4572,1841,protein_coding
DCLRE1C_chr10_14897359_14954432_-_ENSG00000152457.19_ENSG00000152457.19.unspliced,1690,34212,209,29213,protein_coding
DCTD_chr4_182890060_182917936_-_ENSG00000129187.15_ENSG00000129187.15.unspliced,5961,12382,4463,10756,protein_coding
DCTN2_chr12_57529633_57547224_-_ENSG00000175203.17_ENSG00000175203.17.unspliced,4733,5433,1840,4474,protein_coding
DCTN4_chr5_150706840_150759095_-_ENSG00000132912.14_ENSG00000132912.14.unspliced,1521,41280,932,36731,protein_coding
DCTN5_chr16_23641466_23677472_+_ENSG00000166847.10_ENSG00000166847.10.unspliced,1425,22946,281,16149,protein_coding
DCTN6_chr8_30156319_30183639_+_ENSG00000104671.8_ENSG00000104671.8.unspliced,1453,19340,257,15570,protein_coding
DCUN1D2_chr13_113455819_113490951_-_ENSG00000150401.15_ENSG00000150401.15.unspliced,7145,23880,2115,18128,protein_coding
DCUN1D4_chr4_51843000_51916837_+_ENSG00000109184.15_ENSG00000109184.15.unspliced,6087,62077,2757,54222,protein_coding
DDB1_chr11_61299451_61342596_-_ENSG00000167986.15_ENSG00000167986.15.unspliced,10213,15482,2916,13797,protein_coding
DDRGK1_chr20_3190350_3204685_-_ENSG00000198171.13_ENSG00000198171.13.unspliced,6176,2108,3772,938,protein_coding
DDX11_chr12_31073860_31104799_+_ENSG00000013573.17_ENSG00000013573.17.unspliced,10415,12979,12102,8270,protein_coding
DDX12P_chr12_9418673_9448229_-_ENSG00000214826.5_ENSG00000214826.5.unspliced,9284,13945,9624,6125,transcribed_unprocessed_pseudogene
DDX1_chr2_15591178_15634346_+_ENSG00000079785.16_ENSG00000079785.16.unspliced,4102,34138,1793,32037,protein_coding
DDX23_chr12_48829756_48852842_-_ENSG00000174243.11_ENSG00000174243.11.unspliced,4186,5479,810,2812,protein_coding
DDX31_chr9_132592997_132670401_-_ENSG00000125485.18_ENSG00000125485.18.unspliced,6453,52648,5134,47083,protein_coding
DDX39A_chr19_14408798_14419383_-_ENSG00000123136.15_ENSG00000123136.15.unspliced,5070,2247,3984,933,protein_coding
DDX54_chr12_113157173_113185479_-_ENSG00000123064.13_ENSG00000123064.13.unspliced,13075,6424,8309,3277,protein_coding
DDX55_chr12_123602077_123620943_+_ENSG00000111364.16_ENSG00000111364.16.unspliced,1913,9787,288,7696,protein_coding
DEDD2_chr19_42198598_42220140_-_ENSG00000160570.14_ENSG00000160570.14.unspliced,7761,5366,7210,3352,protein_coding
DEF6_chr6_35297818_35321771_+_ENSG00000023892.12_ENSG00000023892.12.unspliced,5976,9575,2653,6348,protein_coding
DEF8_chr16_89948697_89968060_+_ENSG00000140995.17_ENSG00000140995.17.unspliced,9855,4696,10502,1232,protein_coding
DEK_chr6_18223860_18264548_-_ENSG00000124795.17_ENSG00000124795.17.unspliced,1282,32675,1107,31830,protein_coding
DELE1_chr5_141923855_141942047_+_ENSG00000081791.9_ENSG00000081791.9.unspliced,2637,8262,630,5118,protein_coding
DENND4B_chr1_153929501_153946718_-_ENSG00000198837.10_ENSG00000198837.10.unspliced,8591,2497,8955,590,protein_coding
DEPDC1B_chr5_60596912_60700190_-_ENSG00000035499.13_ENSG00000035499.13.unspliced,1329,83930,1514,79185,protein_coding
DFFA_chr1_10456522_10472529_-_ENSG00000160049.12_ENSG00000160049.12.unspliced,1893,3599,1194,1605,protein_coding
DGCR2_chr22_19036282_19122454_-_ENSG00000070413.21_ENSG00000070413.21.unspliced,22043,35562,18891,27053,protein_coding
DGCR6L_chr22_20314238_20320080_-_ENSG00000128185.10_ENSG00000128185.10.unspliced,4184,1689,2506,984,protein_coding
DGCR8_chr22_20080221_20111877_+_ENSG00000128191.17_ENSG00000128191.17.unspliced,12415,13192,10336,5822,protein_coding
DGKQ_chr4_958887_986895_-_ENSG00000145214.14_ENSG00000145214.14.unspliced,17319,2021,16791,1894,protein_coding
DGKZ_chr11_46332905_46380554_+_ENSG00000149091.15_ENSG00000149091.15.unspliced,26808,5883,18329,2728,protein_coding
DHCR24_chr1_54849627_54887195_-_ENSG00000116133.13_ENSG00000116133.13.unspliced,8413,17906,6354,15279,protein_coding
DHODH_chr16_72008588_72027664_+_ENSG00000102967.12_ENSG00000102967.12.unspliced,6101,7689,4266,2004,protein_coding
DHRS11_chr17_36591879_36600804_+_ENSG00000278535.5_ENSG00000278535.5.unspliced,4345,1086,3801,231,protein_coding
DHRS2_chr14_23630115_23645639_+_ENSG00000100867.15_ENSG00000100867.15.unspliced,3923,7556,1395,2687,protein_coding
DHRS3_chr1_12567909_12620133_-_ENSG00000162496.10_ENSG00000162496.10.unspliced,20624,7832,12524,5160,protein_coding
DHX16_chr6_30653119_30673006_-_ENSG00000204560.10_ENSG00000204560.10.unspliced,5378,3694,1163,1925,protein_coding
DHX30_chr3_47802909_47850195_+_ENSG00000132153.15_ENSG00000132153.15.unspliced,14052,13475,8157,7428,protein_coding
DHX34_chr19_47349312_47383247_+_ENSG00000134815.20_ENSG00000134815.20.unspliced,12783,5641,9376,1833,protein_coding
DHX35_chr20_38962299_39039723_+_ENSG00000101452.15_ENSG00000101452.15.unspliced,1630,59815,1125,52504,protein_coding
DHX37_chr12_124946825_124989131_-_ENSG00000150990.9_ENSG00000150990.9.unspliced,14424,11363,11081,3740,protein_coding
DIAPH1_chr5_141515016_141619055_-_ENSG00000131504.18_ENSG00000131504.18.unspliced,3604,74196,1485,70488,protein_coding
DIDO1_chr20_62877738_62937952_-_ENSG00000101191.17_ENSG00000101191.17.unspliced,16690,28240,15713,14871,protein_coding
DLST_chr14_74881891_74903743_+_ENSG00000119689.15_ENSG00000119689.15.unspliced,2279,15059,2188,12867,protein_coding
DMAP1_chr1_44213455_44220681_+_ENSG00000178028.14_ENSG00000178028.14.unspliced,4059,3413,1285,1696,protein_coding
DNAAF3-AS1_chr19_55158939_55177540_+_ENSG00000267577.2_ENSG00000267577.2.unspliced,7759,2899,5098,1338,lncRNA
DNAAF5_chr7_726699_786475_+_ENSG00000164818.16_ENSG00000164818.16.unspliced,26000,21954,19530,10581,protein_coding
DNAJA3_chr16_4425805_4456775_+_ENSG00000103423.14_ENSG00000103423.14.unspliced,6490,11502,3738,9252,protein_coding
DNAJB12_chr10_72332830_72355149_-_ENSG00000148719.16_ENSG00000148719.16.unspliced,5249,3012,6230,775,protein_coding
DNAJB6_chr7_157335381_157417439_+_ENSG00000105993.15_ENSG00000105993.15.unspliced,23907,39190,11555,35513,protein_coding
DNAJB9_chr7_108569867_108574850_+_ENSG00000128590.5_ENSG00000128590.5.unspliced,1105,4805,473,4984,protein_coding
DNAJC11_chr1_6634168_6701924_-_ENSG00000007923.17_ENSG00000007923.17.unspliced,7497,32968,7143,20018,protein_coding
DNAJC17_chr15_40765161_40807478_-_ENSG00000104129.10_ENSG00000104129.10.unspliced,10543,13089,8835,7423,protein_coding
DNAJC1_chr10_21756548_22003769_-_ENSG00000136770.11_ENSG00000136770.11.unspliced,7068,195811,1951,180668,protein_coding
DNAJC25_chr9_111631334_111654351_+_ENSG00000059769.20_ENSG00000059769.20.unspliced,4530,14395,1811,14596,protein_coding
DNAJC5_chr20_63895126_63936031_+_ENSG00000101152.12_ENSG00000101152.12.unspliced,11872,11220,6245,4920,protein_coding
DNAJC7_chr17_41976421_42021376_-_ENSG00000168259.17_ENSG00000168259.17.unspliced,4533,19992,1196,16432,protein_coding
DNAJC8_chr1_28199456_28233029_-_ENSG00000126698.11_ENSG00000126698.11.unspliced,1205,19763,256,18258,protein_coding
DNM2_chr19_10718055_10833488_+_ENSG00000079805.19_ENSG00000079805.19.unspliced,33253,22398,21928,9736,protein_coding
DNMT1_chr19_10133342_10231286_-_ENSG00000130816.17_ENSG00000130816.17.unspliced,22552,20926,16142,11265,protein_coding
DNMT3B_chr20_32762385_32809359_+_ENSG00000088305.19_ENSG00000088305.19.unspliced,8574,20912,4769,12849,protein_coding
DOCK11_chrX_118495815_118686163_+_ENSG00000147251.16_ENSG00000147251.16.unspliced,2144,142275,1282,134009,protein_coding
DOT1L_chr19_2163933_2232578_+_ENSG00000104885.19_ENSG00000104885.19.unspliced,41757,10199,34201,1453,protein_coding
DPH1_chr17_2030137_2043898_+_ENSG00000108963.19_ENSG00000108963.19.unspliced,9028,3202,5160,538,protein_coding
DPH7_chr9_137554444_137578925_-_ENSG00000148399.13_ENSG00000148399.13.unspliced,5470,5550,2780,2871,protein_coding
DPP9_chr19_4674341_4724673_-_ENSG00000142002.19_ENSG00000142002.19.unspliced,25754,5750,19227,677,protein_coding
DRG2_chr17_18087892_18107970_+_ENSG00000108591.10_ENSG00000108591.10.unspliced,6720,2251,6021,778,protein_coding
DSCC1_chr8_119833976_119855894_-_ENSG00000136982.6_ENSG00000136982.6.unspliced,225,14052,586,11373,protein_coding
DTYMK_chr2_241675747_241686944_-_ENSG00000168393.13_ENSG00000168393.13.unspliced,3384,3837,1317,4996,protein_coding
DUXAP9_chr14_19062294_19131345_+_ENSG00000293329.2_ENSG00000293329.2.unspliced,4770,47580,3643,41963,lncRNA
DVL2_chr17_7225342_7234517_-_ENSG00000004975.12_ENSG00000004975.12.unspliced,4097,1855,3975,1844,protein_coding
DVL3_chr3_184155377_184173614_+_ENSG00000161202.20_ENSG00000161202.20.unspliced,6098,6267,5776,1961,protein_coding
DYNC1H1_chr14_101964573_102056443_+_ENSG00000197102.14_ENSG00000197102.14.unspliced,12334,35360,7959,26295,protein_coding
DYNC1LI2_chr16_66720893_66751609_-_ENSG00000135720.13_ENSG00000135720.13.unspliced,1604,18627,2753,17665,protein_coding
DYNC2I1_chr7_158856558_158956747_+_ENSG00000126870.16_ENSG00000126870.16.unspliced,19107,52545,15326,42637,protein_coding
DYNC2I2_chr9_128633653_128656847_-_ENSG00000119333.12_ENSG00000119333.12.unspliced,5717,3348,5164,2268,protein_coding
DYNLL2_chr17_58083419_58095542_+_ENSG00000264364.3_ENSG00000264364.3.unspliced,3149,7020,2877,2031,protein_coding
DYNLT1_chr6_158636474_158644743_-_ENSG00000146425.11_ENSG00000146425.11.unspliced,984,4052,321,4511,protein_coding
E2F1_chr20_33675477_33686385_-_ENSG00000101412.13_ENSG00000101412.13.unspliced,6206,1041,5602,1119,protein_coding
E2F2_chr1_23506438_23531233_-_ENSG00000007968.7_ENSG00000007968.7.unspliced,8363,3712,4609,3069,protein_coding
E2F3_chr6_20401879_20493714_+_ENSG00000112242.16_ENSG00000112242.16.unspliced,4755,65989,1752,60939,protein_coding
EBP_chrX_48521799_48528716_+_ENSG00000147155.11_ENSG00000147155.11.unspliced,829,2402,528,1742,protein_coding
ECHDC1_chr6_127288712_127343609_-_ENSG00000093144.19_ENSG00000093144.19.unspliced,1331,47573,346,44965,protein_coding
ECHDC3_chr10_11742366_11764070_+_ENSG00000134463.15_ENSG00000134463.15.unspliced,4188,10266,2079,8431,protein_coding
ECPAS_chr9_111360685_111484745_-_ENSG00000136813.15_ENSG00000136813.15.unspliced,4871,98814,2673,91962,protein_coding
ECSIT_chr19_11505929_11529172_-_ENSG00000130159.15_ENSG00000130159.15.unspliced,3926,3660,1927,3056,protein_coding
EDEM1_chr3_5187646_5219958_+_ENSG00000134109.11_ENSG00000134109.11.unspliced,2189,22427,3082,18512,protein_coding
EEF1G_chr11_62559596_62574086_-_ENSG00000254772.10_ENSG00000254772.10.unspliced,1951,6286,1086,4025,protein_coding
EEF2K_chr16_22206278_22288738_+_ENSG00000103319.12_ENSG00000103319.12.unspliced,10326,23724,5771,15548,protein_coding
EHMT2_chr6_31879759_31897698_-_ENSG00000204371.12_ENSG00000204371.12.unspliced,5907,4037,4738,2797,protein_coding
EIF2AK1_chr7_6022247_6059175_-_ENSG00000086232.13_ENSG00000086232.13.unspliced,2582,17764,987,13027,protein_coding
EIF2B3_chr1_44850522_44986722_-_ENSG00000070785.17_ENSG00000070785.17.unspliced,6425,66691,2685,59589,protein_coding
EIF2D_chr1_206571292_206612465_-_ENSG00000143486.16_ENSG00000143486.16.unspliced,4485,23188,2380,17173,protein_coding
EIF3A_chr10_119033670_119080817_-_ENSG00000107581.14_ENSG00000107581.14.unspliced,1903,31885,1452,28466,protein_coding
EIF3B_chr7_2354086_2380745_+_ENSG00000106263.19_ENSG00000106263.19.unspliced,10235,8432,6801,6159,protein_coding
EIF3D_chr22_36510855_36529184_-_ENSG00000100353.18_ENSG00000100353.18.unspliced,2045,8086,578,7197,protein_coding
EIF3K_chr19_38619082_38636955_+_ENSG00000178982.10_ENSG00000178982.10.unspliced,5191,4552,2251,1573,protein_coding
EIF4B_chr12_53006282_53042215_+_ENSG00000063046.18_ENSG00000063046.18.unspliced,1717,23222,521,19357,protein_coding
EIF4EBP1_chr8_38030534_38060365_+_ENSG00000187840.5_ENSG00000187840.5.unspliced,4369,7883,2340,4550,protein_coding
EIF4G1_chr3_184314495_184335358_+_ENSG00000114867.22_ENSG00000114867.22.unspliced,12612,2522,8966,2014,protein_coding
EIF4H_chr7_74174231_74197122_+_ENSG00000106682.16_ENSG00000106682.16.unspliced,1753,14993,421,10145,protein_coding
EIF6_chr20_35278907_35284985_-_ENSG00000242372.9_ENSG00000242372.9.unspliced,2581,1037,2015,1206,protein_coding
ELAC2_chr17_12991612_13018065_-_ENSG00000006744.19_ENSG00000006744.19.unspliced,5770,14677,5252,12184,protein_coding
ELAVL1_chr19_7958573_8005659_-_ENSG00000066044.15_ENSG00000066044.15.unspliced,12490,12784,15952,7436,protein_coding
ELF2_chr4_139028112_139177218_-_ENSG00000109381.21_ENSG00000109381.21.unspliced,6821,94826,1951,89631,protein_coding
ELF4_chrX_130063955_130110716_-_ENSG00000102034.18_ENSG00000102034.18.unspliced,18398,9707,10159,5746,protein_coding
ELK4_chr1_205597556_205632011_-_ENSG00000158711.14_ENSG00000158711.14.unspliced,2173,23834,1712,18960,protein_coding
ELOA_chr1_23743448_23762059_+_ENSG00000011007.13_ENSG00000011007.13.unspliced,3024,10145,638,9729,protein_coding
ELOVL5_chr6_53267398_53349179_-_ENSG00000012660.14_ENSG00000012660.14.unspliced,6059,56311,1810,50973,protein_coding
ELOVL6_chr4_110045846_110199199_-_ENSG00000170522.10_ENSG00000170522.10.unspliced,4319,115225,496,102727,protein_coding
ELP2_chr18_36129444_36180557_+_ENSG00000134759.14_ENSG00000134759.14.unspliced,1555,37161,441,32708,protein_coding
ELP3_chr8_28089673_28191156_+_ENSG00000134014.18_ENSG00000134014.18.unspliced,2498,81326,1448,74497,protein_coding
ELP6_chr3_47495640_47513712_-_ENSG00000163832.16_ENSG00000163832.16.unspliced,3528,6343,783,2998,protein_coding
EMC10_chr19_50476400_50490871_+_ENSG00000161671.17_ENSG00000161671.17.unspliced,6883,3175,4296,290,protein_coding
EMC8_chr16_85771758_85799608_-_ENSG00000131148.9_ENSG00000131148.9.unspliced,5087,10041,6757,4059,protein_coding
EMSY_chr11_76444923_76553031_+_ENSG00000158636.17_ENSG00000158636.17.unspliced,3224,81998,2097,72498,protein_coding
ENGASE_chr17_79074824_79088599_+_ENSG00000167280.17_ENSG00000167280.17.unspliced,8993,1413,6471,1275,protein_coding
ENO1_chr1_8861000_8879190_-_ENSG00000074800.16_ENSG00000074800.16.unspliced,4179,5302,2936,3447,protein_coding
ENOSF1_chr18_670318_712662_-_ENSG00000132199.20_ENSG00000132199.20.unspliced,3394,16090,2967,11993,protein_coding
ENSG00000144785_chr12_56285916_56316059_-_ENSG00000144785.8_ENSG00000144785.8.unspliced,3529,10441,2750,8033,protein_coding
ENSG00000167774_chr19_8308283_8321379_-_ENSG00000167774.2_ENSG00000167774.2.unspliced,2065,1422,599,370,protein_coding
ENSG00000207751_chr22_21652128_21670237_+_ENSG00000207751.5_ENSG00000207751.5.unspliced,7272,2380,4297,1419,lncRNA
ENSG00000224015_chr5_132129951_132181241_-_ENSG00000224015.2_ENSG00000224015.2.unspliced,1231,34261,616,32040,lncRNA
ENSG00000226824_chr7_66654485_66685693_+_ENSG00000226824.9_ENSG00000226824.9.unspliced,4625,5620,5265,3900,lncRNA
ENSG00000227598_chr6_166969626_166999083_-_ENSG00000227598.2_ENSG00000227598.2.unspliced,4003,18199,241,12792,lncRNA
ENSG00000231992_chr1_95116816_95139044_+_ENSG00000231992.2_ENSG00000231992.2.unspliced,6225,13528,372,14845,lncRNA
ENSG00000237429_chr1_27522446_27534529_+_ENSG00000237429.2_ENSG00000237429.2.unspliced,5416,4529,2600,1771,lncRNA
ENSG00000242588_chr7_128530380_128663479_+_ENSG00000242588.8_ENSG00000242588.8.unspliced,12505,71312,5828,62586,lncRNA
ENSG00000250264_chr6_32813767_32838822_-_ENSG00000250264.1_ENSG00000250264.1.unspliced,5048,19307,1900,16758,protein_coding
ENSG00000253853_chr8_2726956_2926722_+_ENSG00000253853.4_ENSG00000253853.4.unspliced,3622,130285,1561,120013,lncRNA
ENSG00000254692_chr14_24189157_24213473_-_ENSG00000254692.1_ENSG00000254692.1.unspliced,7720,4797,1690,4085,protein_coding
ENSG00000256632_chr12_132688049_132714912_+_ENSG00000256632.3_ENSG00000256632.3.unspliced,5861,9627,4605,5482,lncRNA
ENSG00000257379_chr12_53441741_53467528_+_ENSG00000257379.1_ENSG00000257379.1.unspliced,3838,16223,412,13162,lncRNA
ENSG00000258472_chr17_28580012_28614185_-_ENSG00000258472.10_ENSG00000258472.10.unspliced,4707,8666,2352,6074,protein_coding
ENSG00000258674_chr19_19516227_19536076_+_ENSG00000258674.5_ENSG00000258674.5.unspliced,7691,4468,3888,2000,protein_coding
ENSG00000260007_chr15_68184032_68229718_-_ENSG00000260007.3_ENSG00000260007.3.unspliced,18574,15447,11027,6699,protein_coding
ENSG00000260272_chr16_2496032_2520218_+_ENSG00000260272.1_ENSG00000260272.1.unspliced,12144,3637,10358,2409,protein_coding
ENSG00000261459_chr16_30525923_30534852_-_ENSG00000261459.1_ENSG00000261459.1.unspliced,4761,2354,2622,550,protein_coding
ENSG00000263020_chr6_31666102_31673546_+_ENSG00000263020.6_ENSG00000263020.6.unspliced,1843,1570,1892,1008,protein_coding
ENSG00000267059_chr19_1578339_1605445_-_ENSG00000267059.2_ENSG00000267059.2.unspliced,9813,1321,8794,959,protein_coding
ENSG00000267149_chr19_55027593_55053928_-_ENSG00000267149.2_ENSG00000267149.2.unspliced,4694,7439,1902,5074,lncRNA
ENSG00000267698_chr19_36014493_36051117_+_ENSG00000267698.3_ENSG00000267698.3.unspliced,10086,7555,5445,2141,lncRNA
ENSG00000268119_chr19_21444241_21464026_-_ENSG00000268119.9_ENSG00000268119.9.unspliced,1564,10209,250,6982,lncRNA
ENSG00000268575_chr1_1702736_1737688_-_ENSG00000268575.1_ENSG00000268575.1.unspliced,11567,9116,6589,2207,lncRNA
ENSG00000268643_chr19_42234583_42255132_-_ENSG00000268643.2_ENSG00000268643.2.unspliced,13014,1213,10189,428,protein_coding
ENSG00000268750_chr19_57819719_57858941_+_ENSG00000268750.7_ENSG00000268750.7.unspliced,5375,14989,2126,10711,protein_coding
ENSG00000269825_chr19_52594060_52690559_-_ENSG00000269825.4_ENSG00000269825.4.unspliced,15690,48617,3691,36984,protein_coding
ENSG00000272822_chr12_48903503_48957365_-_ENSG00000272822.2_ENSG00000272822.2.unspliced,10542,16139,4211,16002,protein_coding
ENSG00000274276_chr21_6444869_6467513_-_ENSG00000274276.6_ENSG00000274276.6.unspliced,15921,3632,13318,802,artifact
ENSG00000279583_chr16_29543201_29613723_-_ENSG00000279583.2_ENSG00000279583.2.unspliced,11090,35087,7377,30041,lncRNA
ENSG00000280441_chr21_8380643_8454792_+_ENSG00000280441.4_ENSG00000280441.4.unspliced,30856,20071,12096,8009,lncRNA
ENSG00000284722_chr11_75069243_75096964_-_ENSG00000284722.2_ENSG00000284722.2.unspliced,688,15745,254,13701,lncRNA
ENSG00000285238_chr12_6556886_6607367_-_ENSG00000285238.2_ENSG00000285238.2.unspliced,9909,15950,3085,9321,protein_coding
ENSG00000285245_chr9_133098121_133163914_-_ENSG00000285245.1_ENSG00000285245.1.unspliced,33832,8052,28020,2180,protein_coding
ENSG00000285314_chr22_20979462_20998121_+_ENSG00000285314.1_ENSG00000285314.1.unspliced,10751,3020,9307,713,lncRNA
ENSG00000285822_chr17_27089545_27170310_+_ENSG00000285822.1_ENSG00000285822.1.unspliced,3671,63650,2371,56684,lncRNA
ENSG00000286129_chr22_22298124_22329122_+_ENSG00000286129.1_ENSG00000286129.1.unspliced,4214,16337,3426,15623,lncRNA
ENSG00000286909_chr3_197633661_197654943_-_ENSG00000286909.2_ENSG00000286909.2.unspliced,2770,7381,2220,2719,lncRNA
ENSG00000287329_chr9_65383136_65400447_+_ENSG00000287329.2_ENSG00000287329.2.unspliced,10490,4668,5423,3210,lncRNA
ENSG00000288714_chr6_140148490_140785421_+_ENSG00000288714.2_ENSG00000288714.2.unspliced,7349,521999,4289,486539,lncRNA
ENSG00000288738_chr1_211599515_211614099_-_ENSG00000288738.2_ENSG00000288738.2.unspliced,3269,6179,580,3927,lncRNA
ENSG00000288841_chr9_131432759_131446473_+_ENSG00000288841.1_ENSG00000288841.1.unspliced,3943,3463,1275,3164,protein_coding
ENSG00000288922_chr10_5428890_5497197_-_ENSG00000288922.3_ENSG00000288922.3.unspliced,20773,35126,9243,31442,lncRNA
ENSG00000289245_chrX_49127482_49156324_-_ENSG00000289245.3_ENSG00000289245.3.unspliced,3341,5580,962,3691,lncRNA
ENSG00000289405_chr8_134715820_134832014_-_ENSG00000289405.3_ENSG00000289405.3.unspliced,6462,86676,4431,74141,lncRNA
ENSG00000289750_chr3_15048548_15099145_-_ENSG00000289750.1_ENSG00000289750.1.unspliced,10907,26272,6606,20007,lncRNA
ENSG00000290548_chr5_34051309_34244861_-_ENSG00000290548.2_ENSG00000290548.2.unspliced,6409,161486,5539,143734,lncRNA
ENSG00000290606_chr19_28435388_28727777_-_ENSG00000290606.3_ENSG00000290606.3.unspliced,13563,193850,17279,158852,lncRNA
ENSG00000290654_chr2_131279290_131299819_+_ENSG00000290654.2_ENSG00000290654.2.unspliced,7405,9394,2796,8709,lncRNA
ENSG00000290683_chr1_247189321_247210904_-_ENSG00000290683.2_ENSG00000290683.2.unspliced,934,15968,1254,11846,lncRNA
ENSG00000290796_chr22_25351418_25405377_-_ENSG00000290796.1_ENSG00000290796.1.unspliced,24809,12409,21843,2983,lncRNA
ENSG00000290823_chr15_101960198_101976611_+_ENSG00000290823.2_ENSG00000290823.2.unspliced,7155,5028,6433,2197,lncRNA
ENSG00000290927_chr16_31700536_31711986_+_ENSG00000290927.2_ENSG00000290927.2.unspliced,6237,2222,4675,503,lncRNA
ENSG00000290931_chr22_17036425_17071041_+_ENSG00000290931.2_ENSG00000290931.2.unspliced,2235,15233,1796,10009,lncRNA
ENSG00000290948_chr15_82471477_82513986_-_ENSG00000290948.2_ENSG00000290948.2.unspliced,5820,29570,4781,29307,lncRNA
ENSG00000290981_chr22_20616230_20656986_-_ENSG00000290981.2_ENSG00000290981.2.unspliced,6441,15065,9397,5427,lncRNA
ENSG00000291015_chr22_38335300_38398929_-_ENSG00000291015.2_ENSG00000291015.2.unspliced,6293,35118,4220,31008,lncRNA
ENSG00000291073_chr16_21446683_21520458_-_ENSG00000291073.2_ENSG00000291073.2.unspliced,9694,38614,6871,35880,lncRNA
ENSG00000291207_chr7_45723772_45769247_-_ENSG00000291207.2_ENSG00000291207.2.unspliced,2531,34402,1339,32591,lncRNA
ENSG00000293076_chr7_32728830_32838774_+_ENSG00000293076.2_ENSG00000293076.2.unspliced,3214,72535,2128,65380,lncRNA
ENSG00000293642_chr6_11094194_11135830_+_ENSG00000293642.1_ENSG00000293642.1.unspliced,1246,32673,1491,26652,protein_coding
ENSG00000295087_chr12_9283643_9299103_+_ENSG00000295087.1_ENSG00000295087.1.unspliced,4324,6809,5273,5344,lncRNA
ENSG00000295196_chr13_19601898_19631158_+_ENSG00000295196.1_ENSG00000295196.1.unspliced,1287,19699,251,17283,lncRNA
ENSG00000296183_chr6_161276207_161315056_-_ENSG00000296183.1_ENSG00000296183.1.unspliced,2659,22112,533,14673,lncRNA
ENSG00000297575_chr16_81446184_81475359_+_ENSG00000297575.1_ENSG00000297575.1.unspliced,14834,11374,14502,5566,lncRNA
ENSG00000298850_chr3_128416399_128425531_+_ENSG00000298850.1_ENSG00000298850.1.unspliced,2058,1365,4630,254,lncRNA
ENSG00000299127_chr2_42335559_42346358_-_ENSG00000299127.1_ENSG00000299127.1.unspliced,6856,4420,2406,2577,lncRNA
ENSG00000302531_chr17_27071599_27089255_-_ENSG00000302531.1_ENSG00000302531.1.unspliced,1835,12022,299,10416,lncRNA
ENSG00000304283_chr14_91425813_91458922_+_ENSG00000304283.1_ENSG00000304283.1.unspliced,1478,17097,1784,12626,lncRNA
ENSG00000305583_chr3_14244178_14252954_-_ENSG00000305583.1_ENSG00000305583.1.unspliced,1472,4305,404,2364,lncRNA
ENSG00000306802_chr3_13413898_13421253_-_ENSG00000306802.1_ENSG00000306802.1.unspliced,3974,2474,3063,1634,lncRNA
ENSG00000308813_chr6_166331776_166342883_-_ENSG00000308813.1_ENSG00000308813.1.unspliced,3249,4585,3104,4062,lncRNA
ENSG00000308846_chr7_64463845_64495920_+_ENSG00000308846.1_ENSG00000308846.1.unspliced,811,20284,1651,17736,lncRNA
ENSG00000310123_chr13_110822107_110830723_+_ENSG00000310123.1_ENSG00000310123.1.unspliced,490,3493,1824,2184,lncRNA
ENSG00000310523_chr2_113583581_113599296_+_ENSG00000310523.1_ENSG00000310523.1.unspliced,6912,5514,3321,3493,lncRNA
EP400_chr12_131949942_132080460_+_ENSG00000183495.15_ENSG00000183495.15.unspliced,35662,67245,26943,49543,protein_coding
EPB41_chr1_28887091_29120046_+_ENSG00000159023.23_ENSG00000159023.23.unspliced,7619,132846,7215,114010,protein_coding
EPC2_chr2_148644440_148788495_+_ENSG00000135999.13_ENSG00000135999.13.unspliced,4162,116309,934,110963,protein_coding
EPHB4_chr7_100802565_100827523_-_ENSG00000196411.10_ENSG00000196411.10.unspliced,9676,1777,6168,1910,protein_coding
EPHX2_chr8_27490781_27545564_+_ENSG00000120915.14_ENSG00000120915.14.unspliced,13902,29281,6574,19467,protein_coding
EPN1_chr19_55675226_55709858_+_ENSG00000063245.15_ENSG00000063245.15.unspliced,18430,8275,16197,4690,protein_coding
EPS15_chr1_51354263_51519328_-_ENSG00000085832.18_ENSG00000085832.18.unspliced,1991,122475,1475,114883,protein_coding
ERCC3_chr2_127257290_127294166_-_ENSG00000163161.14_ENSG00000163161.14.unspliced,4223,17551,2937,14237,protein_coding
ERGIC3_chr20_35542038_35557634_+_ENSG00000125991.21_ENSG00000125991.21.unspliced,6805,2683,1006,1206,protein_coding
ERI3_chr1_44221070_44355260_-_ENSG00000117419.16_ENSG00000117419.16.unspliced,40791,67026,25747,52058,protein_coding
ERMARD_chr6_169751622_169781600_+_ENSG00000130023.16_ENSG00000130023.16.unspliced,8376,18321,2181,17858,protein_coding
ESCO1_chr18_21529281_21600884_-_ENSG00000141446.12_ENSG00000141446.12.unspliced,2863,41436,1770,35859,protein_coding
ESPL1_chr12_53268299_53293638_+_ENSG00000135476.12_ENSG00000135476.12.unspliced,5443,4958,4297,1080,protein_coding
ESS2_chr22_19130279_19144684_-_ENSG00000100056.12_ENSG00000100056.12.unspliced,10079,2556,7687,502,protein_coding
ESYT1_chr12_56118250_56144674_+_ENSG00000139641.13_ENSG00000139641.13.unspliced,8046,4531,5827,2954,protein_coding
ETFA_chr15_76188555_76311730_-_ENSG00000140374.17_ENSG00000140374.17.unspliced,15206,72711,8388,64687,protein_coding
ETS2_chr21_38805183_38824955_+_ENSG00000157557.13_ENSG00000157557.13.unspliced,2401,12144,289,11392,protein_coding
EXO1_chr1_241847967_241895148_+_ENSG00000174371.17_ENSG00000174371.17.unspliced,3074,34389,1471,29199,protein_coding
EXOC3_chr5_443175_471937_+_ENSG00000180104.16_ENSG00000180104.16.unspliced,9714,11670,10148,10032,protein_coding
EXOC4_chr7_133253072_134067137_+_ENSG00000131558.16_ENSG00000131558.16.unspliced,9189,692693,3179,641087,protein_coding
EXOG_chr3_38496127_38542161_+_ENSG00000157036.13_ENSG00000157036.13.unspliced,4797,33604,3853,25754,protein_coding
EXOSC7_chr3_44975241_45036066_+_ENSG00000075914.13_ENSG00000075914.13.unspliced,10059,31842,5776,25123,protein_coding
EXTL2_chr1_100872372_100895179_-_ENSG00000162694.14_ENSG00000162694.14.unspliced,552,20507,338,19960,protein_coding
EZR_chr6_158765741_158819368_-_ENSG00000092820.19_ENSG00000092820.19.unspliced,8752,30449,5511,24611,protein_coding
FADS1_chr11_61799627_61829318_-_ENSG00000149485.19_ENSG00000149485.19.unspliced,9707,8297,7617,5832,protein_coding
FAF1_chr1_50437028_50960267_-_ENSG00000185104.21_ENSG00000185104.21.unspliced,7618,386267,2731,354006,protein_coding
FAF2_chr5_176447628_176510074_+_ENSG00000113194.13_ENSG00000113194.13.unspliced,2679,35299,2276,32207,protein_coding
FAHD2A_chr2_95402708_95416616_+_ENSG00000115042.10_ENSG00000115042.10.unspliced,4823,4765,5296,3141,protein_coding
FAHD2CP_chr2_96013730_96021608_+_ENSG00000231584.11_ENSG00000231584.11.unspliced,1262,4020,1986,2971,transcribed_unprocessed_pseudogene
FAH_chr15_80152490_80186946_+_ENSG00000103876.14_ENSG00000103876.14.unspliced,9887,14605,8321,5863,protein_coding
FAM110A_chr20_833715_857463_+_ENSG00000125898.13_ENSG00000125898.13.unspliced,11147,6006,5560,2798,protein_coding
FAM117A_chr17_49710332_49789180_-_ENSG00000121104.8_ENSG00000121104.8.unspliced,7291,35552,2364,25999,protein_coding
FAM118A_chr22_45308968_45341955_+_ENSG00000100376.12_ENSG00000100376.12.unspliced,11565,13729,5635,11297,protein_coding
FAM120A_chr9_93451685_93566112_+_ENSG00000048828.18_ENSG00000048828.18.unspliced,10030,84436,5619,77524,protein_coding
FAM120B_chr6_170290703_170407067_+_ENSG00000112584.14_ENSG00000112584.14.unspliced,13150,70974,10235,59775,protein_coding
FAM168B_chr2_131047876_131093460_-_ENSG00000152102.18_ENSG00000152102.18.unspliced,5478,27722,3264,24032,protein_coding
FAM193B_chr5_177519789_177554586_-_ENSG00000146067.17_ENSG00000146067.17.unspliced,6372,12675,5781,7568,protein_coding
FAM20B_chr1_179025804_179076567_+_ENSG00000116199.12_ENSG00000116199.12.unspliced,4386,32690,3870,27197,protein_coding
FAM216A_chr12_110468415_110490385_+_ENSG00000204856.12_ENSG00000204856.12.unspliced,1030,8731,1312,6964,protein_coding
FAM222B_chr17_28755980_28855232_-_ENSG00000173065.14_ENSG00000173065.14.unspliced,4760,33767,1983,31921,protein_coding
FAM3A_chrX_154506159_154516242_-_ENSG00000071889.17_ENSG00000071889.17.unspliced,4567,2632,2998,1131,protein_coding
FAM78A_chr9_131258076_131277365_-_ENSG00000126882.14_ENSG00000126882.14.unspliced,10495,1864,8584,1773,protein_coding
FAM83A_chr8_123178960_123210079_+_ENSG00000147689.17_ENSG00000147689.17.unspliced,6667,4891,4427,4476,protein_coding
FAM83D_chr20_38926312_38953106_+_ENSG00000101447.15_ENSG00000101447.15.unspliced,1613,10590,818,8271,protein_coding
FAM86DP_chr3_75413292_75435125_-_ENSG00000291223.1_ENSG00000291223.1.unspliced,5643,2323,3915,995,lncRNA
FAM89A_chr1_231018958_231040254_-_ENSG00000182118.8_ENSG00000182118.8.unspliced,9852,6167,233,6254,protein_coding
FANCA_chr16_89726683_89816977_-_ENSG00000187741.16_ENSG00000187741.16.unspliced,18202,25371,10345,13817,protein_coding
FANCI_chr15_89243945_89317261_+_ENSG00000140525.20_ENSG00000140525.20.unspliced,2725,54128,570,47322,protein_coding
FBH1_chr10_5890203_5937594_+_ENSG00000134452.20_ENSG00000134452.20.unspliced,6710,29194,5085,23138,protein_coding
FBL_chr19_39834458_39846379_-_ENSG00000105202.9_ENSG00000105202.9.unspliced,4300,4735,2609,3735,protein_coding
FBRSL1_chr12_132489551_132585188_+_ENSG00000112787.14_ENSG00000112787.14.unspliced,65109,17903,58421,887,protein_coding
FBXL13_chr7_102811189_103074839_-_ENSG00000161040.19_ENSG00000161040.19.unspliced,11627,198351,4058,175858,protein_coding
FBXL19_chr16_30923055_30948783_+_ENSG00000099364.18_ENSG00000099364.18.unspliced,10009,2344,11088,1344,protein_coding
FBXL5_chr4_15604381_15681679_-_ENSG00000118564.15_ENSG00000118564.15.unspliced,4589,62237,1877,57972,protein_coding
FBXO17_chr19_38941401_38975742_-_ENSG00000269190.6_ENSG00000269190.6.unspliced,5973,6840,3363,5765,protein_coding
FBXO22_chr15_75903876_75942511_+_ENSG00000167196.14_ENSG00000167196.14.unspliced,1132,28335,1236,25435,protein_coding
FBXO28_chr1_224114111_224162047_+_ENSG00000143756.12_ENSG00000143756.12.unspliced,1453,28973,696,28298,protein_coding
FBXO31_chr16_87326987_87392142_-_ENSG00000103264.18_ENSG00000103264.18.unspliced,24270,25107,14070,11767,protein_coding
FBXO42_chr1_16246840_16352480_-_ENSG00000037637.11_ENSG00000037637.11.unspliced,1713,53772,339,43661,protein_coding
FBXO46_chr19_45710629_45730896_-_ENSG00000177051.6_ENSG00000177051.6.unspliced,6008,4626,4521,3254,protein_coding
FBXW7_chr4_152320544_152536092_-_ENSG00000109670.17_ENSG00000109670.17.unspliced,806,190226,1953,182968,protein_coding
FCGR2A_chr1_161505430_161524013_+_ENSG00000143226.16_ENSG00000143226.16.unspliced,3589,10445,3262,7899,protein_coding
FCHO1_chr19_17747718_17788568_+_ENSG00000130475.16_ENSG00000130475.16.unspliced,13762,3876,9226,1957,protein_coding
FCHSD1_chr5_141639302_141651418_-_ENSG00000197948.11_ENSG00000197948.11.unspliced,6179,3377,5527,2033,protein_coding
FERMT3_chr11_64205926_64223896_+_ENSG00000149781.14_ENSG00000149781.14.unspliced,8609,1470,6757,1073,protein_coding
FHIP2B_chr8_22089150_22104911_+_ENSG00000158863.22_ENSG00000158863.22.unspliced,9238,1906,5662,437,protein_coding
FHOD1_chr16_67229387_67247481_-_ENSG00000135723.14_ENSG00000135723.14.unspliced,10414,2563,4362,358,protein_coding
FIBP_chr11_65883740_65888531_-_ENSG00000172500.13_ENSG00000172500.13.unspliced,1117,1739,1769,911,protein_coding
FIP1L1_chr4_53377569_53464382_+_ENSG00000145216.17_ENSG00000145216.17.unspliced,1854,76711,224,73283,protein_coding
FIS1_chr7_101239458_101252316_-_ENSG00000214253.9_ENSG00000214253.9.unspliced,4501,2670,3234,1847,protein_coding
FKBP5_chr6_35573585_35728583_-_ENSG00000096060.15_ENSG00000096060.15.unspliced,6551,92058,6336,78769,protein_coding
FLAD1_chr1_154983338_154993111_+_ENSG00000160688.19_ENSG00000160688.19.unspliced,3490,1175,1239,834,protein_coding
FLNA_chrX_154348524_154374634_-_ENSG00000196924.19_ENSG00000196924.19.unspliced,19646,1056,17247,417,protein_coding
FLNC_chr7_128830406_128859274_+_ENSG00000128591.17_ENSG00000128591.17.unspliced,20443,3211,17708,274,protein_coding
FLOT1_chr6_30727709_30742732_-_ENSG00000137312.15_ENSG00000137312.15.unspliced,3464,3805,1142,2305,protein_coding
FLOT2_chr17_28879335_28897733_-_ENSG00000132589.16_ENSG00000132589.16.unspliced,9221,4302,6591,1002,protein_coding
FN3KRP_chr17_82716706_82730328_+_ENSG00000141560.15_ENSG00000141560.15.unspliced,4879,2524,1986,639,protein_coding
FN3K_chr17_82735615_82751196_+_ENSG00000167363.14_ENSG00000167363.14.unspliced,2008,6079,4418,5318,protein_coding
FNBP4_chr11_47716494_47767443_-_ENSG00000109920.13_ENSG00000109920.13.unspliced,2276,21901,1360,20334,protein_coding
FNDC3B_chr3_172039578_172401669_+_ENSG00000075420.13_ENSG00000075420.13.unspliced,4247,300624,2748,270640,protein_coding
FOXJ3_chr1_42176539_42335877_-_ENSG00000198815.9_ENSG00000198815.9.unspliced,3638,126303,1155,117734,protein_coding
FOXK2_chr17_82519713_82644662_+_ENSG00000141568.21_ENSG00000141568.21.unspliced,24959,37028,13741,20905,protein_coding
FOXRED1_chr11_126269024_126278131_+_ENSG00000110074.12_ENSG00000110074.12.unspliced,5355,1513,2142,895,protein_coding
FPGS_chr9_127794597_127814494_+_ENSG00000136877.16_ENSG00000136877.16.unspliced,7295,2650,5703,298,protein_coding
FRMD8_chr11_65386621_65413525_+_ENSG00000126391.14_ENSG00000126391.14.unspliced,10295,3073,8877,2106,protein_coding
FTH1_chr11_61959718_61967634_-_ENSG00000167996.16_ENSG00000167996.16.unspliced,2841,3495,1174,2248,protein_coding
FUBP3_chr9_130578965_130638352_+_ENSG00000107164.17_ENSG00000107164.17.unspliced,12505,32017,7855,22167,protein_coding
FXYD5_chr19_35154730_35171791_+_ENSG00000089327.16_ENSG00000089327.16.unspliced,2936,7417,1751,3810,protein_coding
FYCO1_chr3_45917903_45995824_-_ENSG00000163820.16_ENSG00000163820.16.unspliced,8292,41461,11559,28539,protein_coding
FYTTD1_chr3_197737179_197787596_+_ENSG00000122068.13_ENSG00000122068.13.unspliced,2580,29389,2947,26690,protein_coding
G6PD_chrX_154517825_154547572_-_ENSG00000160211.20_ENSG00000160211.20.unspliced,9591,3698,6747,2353,protein_coding
GABRE_chrX_151953124_151974680_-_ENSG00000102287.19_ENSG00000102287.19.unspliced,4683,14258,3743,7445,protein_coding
GABRG3_chr15_26971181_27541984_+_ENSG00000182256.13_ENSG00000182256.13.unspliced,19682,417117,23466,357551,protein_coding
GAK_chr4_849276_932373_-_ENSG00000178950.18_ENSG00000178950.18.unspliced,44475,21019,38503,10544,protein_coding
GALNT11_chr7_152025674_152122340_+_ENSG00000178234.13_ENSG00000178234.13.unspliced,1167,79773,2547,69929,protein_coding
GALNT12_chr9_98807670_98850081_+_ENSG00000119514.7_ENSG00000119514.7.unspliced,4952,24242,2504,21106,protein_coding
GANAB_chr11_62624826_62646726_-_ENSG00000089597.18_ENSG00000089597.18.unspliced,6706,4882,1355,3435,protein_coding
GAN_chr16_81314944_81390884_+_ENSG00000261609.9_ENSG00000261609.9.unspliced,4085,55231,596,51714,protein_coding
GAPVD1_chr9_125261794_125367207_+_ENSG00000165219.23_ENSG00000165219.23.unspliced,3763,56912,1115,55106,protein_coding
GAS8_chr16_90019629_90044975_+_ENSG00000141013.17_ENSG00000141013.17.unspliced,11078,4816,10346,2384,protein_coding
GATA2-AS1_chr3_128488130_128539314_+_ENSG00000244300.4_ENSG00000244300.4.unspliced,10963,19608,12392,19162,lncRNA
GATAD2A_chr19_19385826_19508932_+_ENSG00000167491.18_ENSG00000167491.18.unspliced,37452,37332,23659,20915,protein_coding
GBA2_chr9_35736866_35749228_-_ENSG00000070610.14_ENSG00000070610.14.unspliced,2472,3572,4359,1737,protein_coding
GCFC2_chr2_75652000_75710985_-_ENSG00000005436.14_ENSG00000005436.14.unspliced,1954,46725,337,43727,protein_coding
GCN1_chr12_120127202_120194715_-_ENSG00000089154.11_ENSG00000089154.11.unspliced,18730,23459,16454,12020,protein_coding
GCSH_chr16_81081945_81096395_-_ENSG00000140905.11_ENSG00000140905.11.unspliced,1026,7363,1246,8014,protein_coding
GDF11_chr12_55743122_55757264_+_ENSG00000135414.10_ENSG00000135414.10.unspliced,4042,4999,3685,3734,protein_coding
GDI2_chr10_5765222_5842132_-_ENSG00000057608.18_ENSG00000057608.18.unspliced,3316,33981,3083,32096,protein_coding
GEMIN7_chr19_45079195_45091518_+_ENSG00000142252.11_ENSG00000142252.11.unspliced,2364,2267,1114,1158,protein_coding
GFM1_chr3_158644527_158695581_+_ENSG00000168827.15_ENSG00000168827.15.unspliced,718,42026,738,38995,protein_coding
GGA1_chr22_37608474_37633564_+_ENSG00000100083.20_ENSG00000100083.20.unspliced,10876,2350,7304,617,protein_coding
GGCX_chr2_85544720_85561532_-_ENSG00000115486.13_ENSG00000115486.13.unspliced,1777,9604,1364,7933,protein_coding
GGT7_chr20_34844720_34872856_-_ENSG00000131067.17_ENSG00000131067.17.unspliced,4891,7592,4209,4435,protein_coding
GINS2_chr16_85676198_85690073_-_ENSG00000131153.9_ENSG00000131153.9.unspliced,4112,4960,1860,3506,protein_coding
GINS4_chr8_41529218_41545030_+_ENSG00000147536.12_ENSG00000147536.12.unspliced,807,6716,898,3068,protein_coding
GLRX3_chr10_130136391_130184521_+_ENSG00000108010.12_ENSG00000108010.12.unspliced,2493,36003,1035,32343,protein_coding
GLS_chr2_190880821_190965552_+_ENSG00000115419.14_ENSG00000115419.14.unspliced,1337,72477,3227,69172,protein_coding
GLUL_chr1_182378098_182392206_-_ENSG00000135821.20_ENSG00000135821.20.unspliced,2017,9522,1442,6946,protein_coding
GMPR_chr6_16238587_16295549_+_ENSG00000137198.10_ENSG00000137198.10.unspliced,16146,17218,8532,15964,protein_coding
GMPS_chr3_155870650_155944020_+_ENSG00000163655.16_ENSG00000163655.16.unspliced,2246,54956,386,53611,protein_coding
GNAQ_chr9_77716097_78031811_-_ENSG00000156052.11_ENSG00000156052.11.unspliced,5579,262564,3061,239091,protein_coding
GNB1L_chr22_19783223_19854939_-_ENSG00000185838.14_ENSG00000185838.14.unspliced,32367,26862,25045,17464,protein_coding
GNB1_chr1_1785285_1892292_-_ENSG00000078369.19_ENSG00000078369.19.unspliced,10665,45325,3549,32958,protein_coding
GNL1_chr6_30541381_30556489_-_ENSG00000204590.13_ENSG00000204590.13.unspliced,7199,6629,3898,4063,protein_coding
GNPTG_chr16_1351931_1365737_+_ENSG00000090581.11_ENSG00000090581.11.unspliced,5484,1979,4744,2028,protein_coding
GOLGA3_chr12_132768902_132829143_-_ENSG00000090615.16_ENSG00000090615.16.unspliced,28699,15704,21613,4974,protein_coding
GORASP1_chr3_39095222_39108369_-_ENSG00000114745.15_ENSG00000114745.15.unspliced,7839,2488,6764,1005,protein_coding
GORASP2_chr2_170928464_170967130_+_ENSG00000115806.13_ENSG00000115806.13.unspliced,3430,26104,1825,23548,protein_coding
GP6-AS1_chr19_55006152_55054990_+_ENSG00000267265.7_ENSG00000267265.7.unspliced,9971,13034,2369,11730,lncRNA
GPAT4_chr8_41577187_41625001_+_ENSG00000158669.11_ENSG00000158669.11.unspliced,3851,32941,4724,26437,protein_coding
GPATCH2L_chr14_76151916_76254342_+_ENSG00000089916.18_ENSG00000089916.18.unspliced,1060,79169,768,76764,protein_coding
GPATCH3_chr1_26890488_26900467_-_ENSG00000198746.13_ENSG00000198746.13.unspliced,3278,2138,2018,656,protein_coding
GPATCH8_chr17_44395281_44503430_-_ENSG00000186566.13_ENSG00000186566.13.unspliced,1734,64336,581,57690,protein_coding
GPBP1_chr5_57173948_57264679_+_ENSG00000062194.16_ENSG00000062194.16.unspliced,3494,61243,774,55991,protein_coding
GPI_chr19_34359480_34402413_+_ENSG00000105220.17_ENSG00000105220.17.unspliced,18060,9310,9695,1695,protein_coding
GPN2_chr1_26876132_26890283_-_ENSG00000142751.15_ENSG00000142751.15.unspliced,2429,3514,2510,1592,protein_coding
GPR137_chr11_64270062_64289494_+_ENSG00000173264.16_ENSG00000173264.16.unspliced,9376,2194,9049,224,protein_coding
GRAMD1A_chr19_34994784_35026471_+_ENSG00000089351.15_ENSG00000089351.15.unspliced,15168,3415,7487,1698,protein_coding
GRB10_chr7_50590063_50793462_-_ENSG00000106070.20_ENSG00000106070.20.unspliced,29737,137465,25145,112764,protein_coding
GRB2_chr17_75318076_75405709_-_ENSG00000177885.15_ENSG00000177885.15.unspliced,4121,44731,1371,41303,protein_coding
GRK6_chr5_177403204_177442901_+_ENSG00000198055.11_ENSG00000198055.11.unspliced,14857,6115,12372,2598,protein_coding
GRWD1_chr19_48445841_48457022_+_ENSG00000105447.13_ENSG00000105447.13.unspliced,5632,2200,3092,411,protein_coding
GSE1_chr16_85169525_85676204_+_ENSG00000131149.19_ENSG00000131149.19.unspliced,263460,90200,211874,25992,protein_coding
GSR_chr8_30678066_30727846_-_ENSG00000104687.14_ENSG00000104687.14.unspliced,1703,19752,1212,16915,protein_coding
GSS_chr20_34928432_34956027_-_ENSG00000100983.12_ENSG00000100983.12.unspliced,3975,12831,1208,10435,protein_coding
GTF2F1_chr19_6379572_6393981_-_ENSG00000125651.14_ENSG00000125651.14.unspliced,5749,1590,2970,1216,protein_coding
GTF3C2-AS2_chr2_27356246_27367881_+_ENSG00000234072.2_ENSG00000234072.2.unspliced,2220,2681,1832,1682,lncRNA
GTF3C5_chr9_133030675_133058503_+_ENSG00000148308.18_ENSG00000148308.18.unspliced,10041,12811,6599,8323,protein_coding
GTPBP1_chr22_38705742_38738299_+_ENSG00000100226.16_ENSG00000100226.16.unspliced,10961,11460,8842,7444,protein_coding
GTPBP4_chr10_988434_1019932_+_ENSG00000107937.19_ENSG00000107937.19.unspliced,4699,17093,3819,13130,protein_coding
GUCD1_chr22_24540423_24555935_-_ENSG00000138867.17_ENSG00000138867.17.unspliced,7694,1548,7540,370,protein_coding
GUSBP1_chr5_21459560_21501826_+_ENSG00000183666.20_ENSG00000183666.20.unspliced,5654,20052,5206,14710,transcribed_unprocessed_pseudogene
GYPC_chr2_126656133_126696667_+_ENSG00000136732.16_ENSG00000136732.16.unspliced,5652,12813,10470,8624,protein_coding
GYS1_chr19_48968130_48993310_-_ENSG00000104812.15_ENSG00000104812.15.unspliced,9279,4328,4724,1299,protein_coding
H2AC6_chr6_26124145_26139116_+_ENSG00000180573.10_ENSG00000180573.10.unspliced,1086,9754,228,7660,protein_coding
HACD3_chr15_65530418_65578349_+_ENSG00000074696.13_ENSG00000074696.13.unspliced,1289,31538,1555,25713,protein_coding
HAPSTR1_chr16_9091644_9121635_+_ENSG00000182831.12_ENSG00000182831.12.unspliced,1205,22901,1546,23963,protein_coding
HARS1_chr5_140673035_140691537_-_ENSG00000170445.16_ENSG00000170445.16.unspliced,2670,7174,3453,6305,protein_coding
HAUS8_chr19_17049729_17075625_-_ENSG00000131351.15_ENSG00000131351.15.unspliced,5797,8777,4000,4701,protein_coding
HDAC1_chr1_32292083_32333635_+_ENSG00000116478.13_ENSG00000116478.13.unspliced,2344,16926,1412,12525,protein_coding
HDAC7_chr12_47782722_47833132_-_ENSG00000061273.18_ENSG00000061273.18.unspliced,22030,10792,17750,2863,protein_coding
HDAC7_chr12_47782722_47833132_-_ENSG00000061273.18_ENST00000459625.5,3951,2839,2863,258,protein_coding
HDDC2_chr6_125219962_125302078_-_ENSG00000111906.18_ENSG00000111906.18.unspliced,539,61312,713,52348,protein_coding
HDHD3_chr9_113373419_113376986_-_ENSG00000119431.10_ENSG00000119431.10.unspliced,1844,1048,1003,1051,protein_coding
HDLBP_chr2_241227264_241317061_-_ENSG00000115677.18_ENSG00000115677.18.unspliced,15510,49666,11314,43922,protein_coding
HEBP2_chr6_138403531_138422197_+_ENSG00000051620.11_ENSG00000051620.11.unspliced,2352,6718,4178,5254,protein_coding
HELLS_chr10_94545329_94613905_+_ENSG00000119969.16_ENSG00000119969.16.unspliced,1716,48755,543,45918,protein_coding
HELZ_chr17_67070444_67245989_-_ENSG00000198265.12_ENSG00000198265.12.unspliced,2637,135479,1626,122449,protein_coding
HEMK1_chr3_50569152_50596168_+_ENSG00000114735.10_ENSG00000114735.10.unspliced,12018,4792,8619,2261,protein_coding
HERC1_chr15_63608618_63833948_-_ENSG00000103657.14_ENSG00000103657.14.unspliced,3522,169960,2293,158553,protein_coding
HERC2_chr15_28111040_28322179_-_ENSG00000128731.18_ENSG00000128731.18.unspliced,18241,140740,17065,123631,protein_coding
HGS_chr17_81683326_81703138_+_ENSG00000185359.14_ENSG00000185359.14.unspliced,13779,1425,13920,430,protein_coding
HIC2_chr22_21417371_21451463_+_ENSG00000169635.10_ENSG00000169635.10.unspliced,18521,7473,14716,2508,protein_coding
HINFP_chr11_119121580_119136059_+_ENSG00000172273.13_ENSG00000172273.13.unspliced,1417,7486,1381,2667,protein_coding
HIP1R_chr12_122834453_122862961_+_ENSG00000130787.14_ENSG00000130787.14.unspliced,18792,5690,16267,966,protein_coding
HIRA_chr22_19330698_19447450_-_ENSG00000100084.14_ENSG00000100084.14.unspliced,15439,52713,15617,35392,protein_coding
HIVEP1_chr6_12008762_12164999_+_ENSG00000095951.18_ENSG00000095951.18.unspliced,6668,122538,4743,116050,protein_coding
HK2_chr2_74834127_74893359_+_ENSG00000159399.10_ENSG00000159399.10.unspliced,11619,30619,4420,19208,protein_coding
HMBOX1_chr8_28890395_29064764_+_ENSG00000147421.18_ENSG00000147421.18.unspliced,1843,143447,810,129688,protein_coding
HMBS_chr11_119084866_119093834_+_ENSG00000256269.11_ENSG00000256269.11.unspliced,4564,2206,1034,1080,protein_coding
HMGCS1_chr5_43287470_43313512_-_ENSG00000112972.16_ENSG00000112972.16.unspliced,1343,21451,1005,20288,protein_coding
HMGXB3_chr5_150000046_150053142_+_ENSG00000113716.13_ENSG00000113716.13.unspliced,5347,38853,6723,32030,protein_coding
HMOX2_chr16_4474690_4510347_+_ENSG00000103415.12_ENSG00000103415.12.unspliced,4321,15067,2829,11419,protein_coding
HNRNPAB_chr5_178204533_178211163_+_ENSG00000197451.12_ENSG00000197451.12.unspliced,5376,1035,4005,1763,protein_coding
HNRNPF_chr10_43385617_43409186_-_ENSG00000169813.17_ENSG00000169813.17.unspliced,3901,12078,2509,9397,protein_coding
HNRNPH1_chr5_179614178_179634784_-_ENSG00000169045.19_ENSG00000169045.19.unspliced,4261,9363,3403,9222,protein_coding
HNRNPL_chr19_38836370_38852347_-_ENSG00000104824.18_ENSG00000104824.18.unspliced,7010,1295,7275,1324,protein_coding
HNRNPM_chr19_8444767_8489114_+_ENSG00000099783.13_ENSG00000099783.13.unspliced,6102,27246,6732,18683,protein_coding
HNRNPUL1_chr19_41262496_41307787_+_ENSG00000105323.18_ENSG00000105323.18.unspliced,6188,19990,6048,13717,protein_coding
HNRNPUL2-BSCL2_chr11_62690275_62727384_-_ENSG00000234857.2_ENSG00000234857.2.unspliced,9769,13370,5184,10716,protein_coding
HOXB3_chr17_48548870_48604912_-_ENSG00000120093.12_ENSG00000120093.12.unspliced,28559,15221,7633,5069,protein_coding
HOXB7_chr17_48607232_48633572_-_ENSG00000260027.5_ENSG00000260027.5.unspliced,14535,3052,5007,2471,protein_coding
HROB_chr17_44141906_44162476_+_ENSG00000125319.15_ENSG00000125319.15.unspliced,2167,4853,1472,1753,protein_coding
HS3ST3B1_chr17_14301081_14349404_+_ENSG00000125430.9_ENSG00000125430.9.unspliced,7225,28125,1564,19940,protein_coding
HSF1_chr8_144291591_144314720_+_ENSG00000185122.11_ENSG00000185122.11.unspliced,9104,1818,7065,810,protein_coding
HSPG2_chr1_21822244_21937310_-_ENSG00000142798.20_ENSG00000142798.20.unspliced,50469,15587,46227,5343,protein_coding
HTR1F_chr3_87792706_87993839_+_ENSG00000179097.7_ENSG00000179097.7.unspliced,3005,150779,4007,141825,protein_coding
HUWE1_chrX_53532096_53686752_-_ENSG00000086758.17_ENSG00000086758.17.unspliced,2954,122621,3070,108443,protein_coding
ICMT_chr1_6221193_6235972_-_ENSG00000116237.16_ENSG00000116237.16.unspliced,3701,4504,1181,2350,protein_coding
IDH2_chr15_90083045_90102477_-_ENSG00000182054.10_ENSG00000182054.10.unspliced,7155,2727,5453,1793,protein_coding
IFNAR2-IL10RB_chr21_33229892_33297160_+_ENSG00000249624.10_ENSG00000249624.10.unspliced,5847,33056,6580,21457,protein_coding
IGF2BP1_chr17_48997385_49056145_+_ENSG00000159217.10_ENSG00000159217.10.unspliced,11463,26091,7315,20673,protein_coding
IGF2BP2_chr3_185643130_185825042_-_ENSG00000073792.16_ENSG00000073792.16.unspliced,6060,110289,9338,93662,protein_coding
IGF2BP3_chr7_23310209_23470491_-_ENSG00000136231.14_ENSG00000136231.14.unspliced,5484,113493,2450,98226,protein_coding
IGF2R_chr6_159969082_160113507_+_ENSG00000197081.16_ENSG00000197081.16.unspliced,23380,88213,16041,70333,protein_coding
IGHMBP2_chr11_68903863_68940602_+_ENSG00000132740.10_ENSG00000132740.10.unspliced,12103,12673,7688,10897,protein_coding
IKBKB_chr8_42271302_42332460_+_ENSG00000104365.16_ENSG00000104365.16.unspliced,10920,25501,7825,14672,protein_coding
IKBKG_chrX_154541199_154565046_+_ENSG00000269335.7_ENSG00000269335.7.unspliced,14688,4186,9434,861,protein_coding
IKZF1_chr7_50304068_50405101_+_ENSG00000185811.21_ENSG00000185811.21.unspliced,11645,68050,8242,62902,protein_coding
IL23R_chr1_67138907_67259979_+_ENSG00000162594.17_ENSG00000162594.17.unspliced,2162,90102,386,81080,protein_coding
ILF3_chr19_10654304_10692400_+_ENSG00000129351.18_ENSG00000129351.18.unspliced,13050,15666,10977,9483,protein_coding
ILKAP_chr2_238170402_238203708_-_ENSG00000132323.9_ENSG00000132323.9.unspliced,3558,19522,2263,15025,protein_coding
ILK_chr11_6603708_6610874_+_ENSG00000166333.14_ENSG00000166333.14.unspliced,1753,1282,3067,528,protein_coding
IMMP2L_chr7_110662644_111562517_-_ENSG00000184903.10_ENSG00000184903.10.unspliced,4610,788136,2018,737704,protein_coding
INCENP_chr11_62123998_62155474_+_ENSG00000149503.14_ENSG00000149503.14.unspliced,16161,9125,8281,4819,protein_coding
INF2_chr14_104681146_104722535_+_ENSG00000203485.14_ENSG00000203485.14.unspliced,27885,6684,22292,770,protein_coding
ING1_chr13_110712736_110723339_+_ENSG00000153487.14_ENSG00000153487.14.unspliced,5844,4834,4295,5074,protein_coding
INO80_chr15_40978880_41116280_-_ENSG00000128908.19_ENSG00000128908.19.unspliced,4541,79169,409,73710,protein_coding
INTS11_chr1_1311585_1324687_-_ENSG00000127054.22_ENSG00000127054.22.unspliced,6316,1982,6627,1025,protein_coding
INTS15_chr7_6590021_6608726_+_ENSG00000146576.13_ENSG00000146576.13.unspliced,6930,2775,5202,1715,protein_coding
INTS1_chr7_1470277_1504389_-_ENSG00000164880.16_ENSG00000164880.16.unspliced,29493,5824,24543,236,protein_coding
INTS6_chr13_51354077_51454264_-_ENSG00000102786.15_ENSG00000102786.15.unspliced,2330,85777,1432,82601,protein_coding
IP6K2_chr3_48688003_48740353_-_ENSG00000068745.15_ENSG00000068745.15.unspliced,6275,23726,2898,15681,protein_coding
IPO11_chr5_62403972_62628582_+_ENSG00000086200.17_ENSG00000086200.17.unspliced,2968,171633,248,157211,protein_coding
IPO13_chr1_43946950_43968022_+_ENSG00000117408.11_ENSG00000117408.11.unspliced,6630,5600,6505,3706,protein_coding
IPPK_chr9_92613183_92670131_-_ENSG00000127080.10_ENSG00000127080.10.unspliced,18775,28259,13421,19323,protein_coding
ISG20L2_chr1_156720796_156728766_-_ENSG00000143319.18_ENSG00000143319.18.unspliced,2232,2137,775,800,protein_coding
ISOC2_chr19_55452985_55462343_-_ENSG00000063241.8_ENSG00000063241.8.unspliced,5047,1435,3010,1110,protein_coding
IST1_chr16_71845996_71931199_+_ENSG00000182149.21_ENSG00000182149.21.unspliced,8339,44234,7176,36412,protein_coding
ITGA5_chr12_54395261_54419266_-_ENSG00000161638.11_ENSG00000161638.11.unspliced,9154,4646,7329,1068,protein_coding
ITGB1BP1_chr2_9403475_9423528_-_ENSG00000119185.13_ENSG00000119185.13.unspliced,3124,10711,2770,7918,protein_coding
ITPA_chr20_3208868_3223870_+_ENSG00000125877.13_ENSG00000125877.13.unspliced,3615,3019,3506,1374,protein_coding
ITPR3_chr6_33620365_33696574_+_ENSG00000096433.11_ENSG00000096433.11.unspliced,40738,14630,25519,6892,protein_coding
ITPRID2_chr2_181891730_181930738_+_ENSG00000138434.17_ENSG00000138434.17.unspliced,945,34325,469,30384,protein_coding
ITPRIPL2_chr16_19113932_19121629_+_ENSG00000205730.7_ENSG00000205730.7.unspliced,2243,3150,2675,3445,protein_coding
ITPRIP_chr10_104309698_104338465_-_ENSG00000148841.17_ENSG00000148841.17.unspliced,12511,7199,10238,2249,protein_coding
IWS1_chr2_127436207_127526886_-_ENSG00000163166.15_ENSG00000163166.15.unspliced,6184,61806,1846,53608,protein_coding
JADE1_chr4_128809700_128875224_+_ENSG00000077684.16_ENSG00000077684.16.unspliced,3874,44141,2994,39026,protein_coding
JAK2_chr9_4984390_5129948_+_ENSG00000096968.14_ENSG00000096968.14.unspliced,9054,114791,5697,98057,protein_coding
JARID2_chr6_15246069_15522042_+_ENSG00000008083.14_ENSG00000008083.14.unspliced,26489,206360,19749,177843,protein_coding
JMJD6_chr17_76712832_76726799_-_ENSG00000070495.15_ENSG00000070495.15.unspliced,3839,5902,1921,3135,protein_coding
JMJD7_chr15_41828092_41837581_+_ENSG00000243789.11_ENSG00000243789.11.unspliced,4341,1229,2903,527,protein_coding
JPT2_chr16_1678256_1702280_+_ENSG00000206053.13_ENSG00000206053.13.unspliced,2260,8818,3161,6945,protein_coding
JRK_chr8_142657460_142681968_-_ENSG00000234616.9_ENSG00000234616.9.unspliced,14874,5028,8588,531,protein_coding
JRK_chr8_142657460_142681968_-_ENSG00000234616.9_ENST00000612905.2,5519,1837,4877,531,protein_coding
JUP_chr17_41754604_41786931_-_ENSG00000173801.17_ENSG00000173801.17.unspliced,14396,3755,7069,1109,protein_coding
KANSL1_chr17_46029916_46225389_-_ENSG00000120071.15_ENSG00000120071.15.unspliced,4800,143476,1045,133074,protein_coding
KAT8_chr16_31114489_31131393_+_ENSG00000103510.20_ENSG00000103510.20.unspliced,5449,2331,2393,2006,protein_coding
KATNB1_chr16_57735739_57757244_+_ENSG00000140854.13_ENSG00000140854.13.unspliced,11152,3434,9823,2591,protein_coding
KCMF1_chr2_84971093_85059472_+_ENSG00000176407.18_ENSG00000176407.18.unspliced,2826,59010,1014,53867,protein_coding
KCNH2_chr7_150944961_150978321_-_ENSG00000055118.18_ENSG00000055118.18.unspliced,21774,4586,15616,2373,protein_coding
KCNJ14_chr19_48455574_48466980_+_ENSG00000182324.7_ENSG00000182324.7.unspliced,3949,2301,2086,2010,protein_coding
KCNK5_chr6_39188971_39229475_-_ENSG00000164626.9_ENSG00000164626.9.unspliced,16315,11956,17590,4206,protein_coding
KCNMB3_chr3_179236691_179267002_-_ENSG00000171121.17_ENSG00000171121.17.unspliced,3977,18638,1438,16973,protein_coding
KCNQ1OT1_chr11_2608328_2699994_-_ENSG00000269821.2_ENST00000597346.1.monoexonic.unspliced,14149,29799,14494,21875,lncRNA
KCNQ5_chr6_72621792_73198853_+_ENSG00000185760.18_ENSG00000185760.18.unspliced,7603,463296,1358,421721,protein_coding
KCTD10_chr12_109448655_109477359_-_ENSG00000110906.13_ENSG00000110906.13.unspliced,5309,18798,5131,12355,protein_coding
KCTD13_chr16_29905012_29926236_-_ENSG00000174943.11_ENSG00000174943.11.unspliced,3587,5821,2442,6227,protein_coding
KCTD5_chr16_2682523_2709030_+_ENSG00000167977.9_ENSG00000167977.9.unspliced,19212,4302,14955,530,protein_coding
KDELR2_chr7_6445953_6484190_-_ENSG00000136240.10_ENSG00000136240.10.unspliced,5409,14697,1193,12033,protein_coding
KDM2A_chr11_67119263_67258082_+_ENSG00000173120.15_ENSG00000173120.15.unspliced,6583,77221,1081,66576,protein_coding
KDM3A_chr2_86440647_86492716_+_ENSG00000115548.17_ENSG00000115548.17.unspliced,1883,41370,668,41337,protein_coding
KDM3B_chr5_138352685_138437028_+_ENSG00000120733.15_ENSG00000120733.15.unspliced,1936,43004,346,40752,protein_coding
KDM5C_chrX_53176277_53225422_-_ENSG00000126012.14_ENSG00000126012.14.unspliced,11666,24378,5734,18830,protein_coding
KDM8_chr16_27203508_27221768_+_ENSG00000155666.12_ENSG00000155666.12.unspliced,6254,3069,3704,1543,protein_coding
KEAP1_chr19_10486125_10503558_-_ENSG00000079999.14_ENSG00000079999.14.unspliced,4987,1460,3124,203,protein_coding
KEL_chr7_142941114_142962363_-_ENSG00000197993.9_ENSG00000197993.9.unspliced,4215,8734,2775,7532,protein_coding
KHNYN_chr14_24429286_24441843_+_ENSG00000100441.10_ENSG00000100441.10.unspliced,6635,6347,2404,2056,protein_coding
KIAA0232_chr4_6781375_6884170_+_ENSG00000170871.12_ENSG00000170871.12.unspliced,4802,73178,3432,63234,protein_coding
KIAA1191_chr5_176346062_176361807_-_ENSG00000122203.15_ENSG00000122203.15.unspliced,1354,5975,1355,7264,protein_coding
KIAA1958_chr9_112486827_112669397_+_ENSG00000165185.15_ENSG00000165185.15.unspliced,4606,130964,2869,122887,protein_coding
KIF15_chr3_44761721_44873376_+_ENSG00000163808.17_ENSG00000163808.17.unspliced,10324,73509,2836,66958,protein_coding
KIF18B_chr17_44924709_44947773_-_ENSG00000186185.14_ENSG00000186185.14.unspliced,4651,5089,5235,5773,protein_coding
KIF2A_chr5_62306162_62391025_+_ENSG00000068796.19_ENSG00000068796.19.unspliced,2492,59362,334,55280,protein_coding
KIF2C_chr1_44739818_44767767_+_ENSG00000142945.13_ENSG00000142945.13.unspliced,6591,5119,4319,3859,protein_coding
KIFC1_chr6_33391823_33409896_+_ENSG00000237649.8_ENSG00000237649.8.unspliced,4680,7743,1509,6713,protein_coding
KLC1_chr14_103561896_103714249_+_ENSG00000126214.22_ENSG00000126214.22.unspliced,30687,44059,21635,32037,protein_coding
KLF11_chr2_10042849_10054836_+_ENSG00000172059.11_ENSG00000172059.11.unspliced,2975,5366,2708,5060,protein_coding
KLF3_chr4_38664197_38701517_+_ENSG00000109787.13_ENSG00000109787.13.unspliced,3187,29184,1525,24989,protein_coding
KLHL18_chr3_47282917_47346816_+_ENSG00000114648.12_ENSG00000114648.12.unspliced,4146,33970,3935,26126,protein_coding
KLHL21_chr1_6590724_6614607_-_ENSG00000162413.17_ENSG00000162413.17.unspliced,10942,5235,10258,2065,protein_coding
KLHL22_chr22_20441519_20495844_-_ENSG00000099910.17_ENSG00000099910.17.unspliced,8855,18411,5116,9418,protein_coding
KLHL23_chr2_169694488_169776989_+_ENSG00000213160.10_ENSG00000213160.10.unspliced,3665,51920,2178,41607,protein_coding
KLHL36_chr16_84648511_84667686_+_ENSG00000135686.13_ENSG00000135686.13.unspliced,5524,7497,2066,2374,protein_coding
KMT2A_chr11_118436456_118526832_+_ENSG00000118058.25_ENSG00000118058.25.unspliced,1968,57659,446,52542,protein_coding
KMT2D_chr12_49018975_49060794_-_ENSG00000167548.18_ENSG00000167548.18.unspliced,19559,13231,16740,3900,protein_coding
KMT5A_chr12_123384132_123409353_+_ENSG00000183955.14_ENSG00000183955.14.unspliced,5479,4880,5084,3234,protein_coding
KPNA6_chr1_32108056_32176563_+_ENSG00000025800.14_ENSG00000025800.14.unspliced,2330,32378,354,27925,protein_coding
KRBA1_chr7_149714781_149734575_+_ENSG00000133619.18_ENSG00000133619.18.unspliced,9207,3064,8799,316,protein_coding
KSR1_chr17_27456448_27626438_+_ENSG00000141068.17_ENSG00000141068.17.unspliced,37317,77091,31171,39805,protein_coding
L3HYPDH_chr14_59460363_59484408_-_ENSG00000126790.12_ENSG00000126790.12.unspliced,3518,17647,2521,17266,protein_coding
LAMA5_chr20_62307955_62367312_-_ENSG00000130702.15_ENSG00000130702.15.unspliced,40542,11858,34500,3439,protein_coding
LAMTOR1_chr11_72085895_72103297_-_ENSG00000149357.10_ENSG00000149357.10.unspliced,3945,8248,1195,3584,protein_coding
LAP3_chr4_17577198_17607972_+_ENSG00000002549.13_ENSG00000002549.13.unspliced,2664,18249,556,16424,protein_coding
LAPTM4B_chr8_97775057_97853013_+_ENSG00000104341.17_ENSG00000104341.17.unspliced,7100,44014,1820,42693,protein_coding
LARS1_chr5_146110566_146182696_-_ENSG00000133706.20_ENSG00000133706.20.unspliced,1259,52390,203,48213,protein_coding
LARS2_chr3_45388561_45554726_+_ENSG00000011376.12_ENSG00000011376.12.unspliced,5654,105419,6384,88030,protein_coding
LASP1_chr17_38869859_38921770_+_ENSG00000002834.19_ENSG00000002834.19.unspliced,22619,10519,17523,3303,protein_coding
LBR_chr1_225401502_225428925_-_ENSG00000143815.15_ENSG00000143815.15.unspliced,1889,22638,1362,22392,protein_coding
LCORL_chr4_17841187_18021876_-_ENSG00000178177.17_ENSG00000178177.17.unspliced,3690,145630,3066,142708,protein_coding
LDAH_chr2_20684014_20823130_-_ENSG00000118961.15_ENSG00000118961.15.unspliced,3263,110879,2006,101932,protein_coding
LDB1_chr10_102106489_102120368_-_ENSG00000198728.11_ENSG00000198728.11.unspliced,10055,3337,3723,1254,protein_coding
LDLRAP1_chr1_25543604_25591200_+_ENSG00000157978.13_ENSG00000157978.13.unspliced,21193,10718,20408,4161,protein_coding
LDLR_chr19_11089418_11133820_+_ENSG00000130164.16_ENSG00000130164.16.unspliced,8139,8405,5075,2608,protein_coding
LEMD2_chr6_33771202_33789130_-_ENSG00000161904.13_ENSG00000161904.13.unspliced,5728,6262,6803,3003,protein_coding
LENG8_chr19_54449190_54462016_+_ENSG00000167615.18_ENSG00000167615.18.unspliced,7661,1428,5888,254,protein_coding
LETM1_chr4_1811479_1856156_-_ENSG00000168924.15_ENSG00000168924.15.unspliced,16108,7779,15604,4137,protein_coding
LIG1_chr19_48115445_48170603_-_ENSG00000105486.15_ENSG00000105486.15.unspliced,16985,14398,15095,8981,protein_coding
LIG3_chr17_34980512_35009743_+_ENSG00000005156.12_ENSG00000005156.12.unspliced,3554,16280,2379,12921,protein_coding
LIMK1_chr7_74082933_74122525_+_ENSG00000106683.15_ENSG00000106683.15.unspliced,12082,3572,9253,1565,protein_coding
LIMS1_chr2_108533671_108687246_+_ENSG00000169756.17_ENSG00000169756.17.unspliced,5910,106718,1448,91935,protein_coding
LINC00342_chr2_95806973_95835003_-_ENSG00000232931.7_ENSG00000232931.7.unspliced,1183,11872,293,7762,lncRNA
LINC01089_chr12_121795267_121803906_-_ENSG00000212694.8_ENSG00000212694.8.unspliced,5287,2569,3832,1571,lncRNA
LINC01391_chr3_138935189_138944020_-_ENSG00000244578.2_ENSG00000244578.2.unspliced,4801,3473,598,1410,lncRNA
LINC01667_chr21_9781848_9839362_-_ENSG00000293035.2_ENSG00000293035.2.unspliced,25090,22365,26108,14831,lncRNA
LINC01962_chr5_181178821_181191956_-_ENSG00000248473.3_ENSG00000248473.3.unspliced,6473,2895,3514,1886,lncRNA
LINC02109_chr5_28809297_29217728_+_ENSG00000259786.8_ENSG00000259786.8.unspliced,5037,334066,5319,304673,lncRNA
LINC02476_chr7_119495024_119950825_-_ENSG00000225546.7_ENSG00000225546.7.unspliced,5370,381483,1643,347610,lncRNA
LINC02882_chr12_73621834_74509544_-_ENSG00000251138.8_ENSG00000251138.8.unspliced,6670,738886,3666,672634,lncRNA
LINC02918_chr1_43937896_43946659_-_ENSG00000237950.4_ENSG00000237950.4.unspliced,1244,2584,1822,1080,lncRNA
LINC03009_chr7_76549360_76689386_+_ENSG00000290873.2_ENSG00000290873.2.unspliced,7568,82038,2239,69329,lncRNA
LINC03021_chr8_2637089_2728577_-_ENSG00000254319.7_ENSG00000254319.7.unspliced,2354,65729,4666,55890,lncRNA
LMBR1_chr7_156668946_156893216_-_ENSG00000105983.23_ENSG00000105983.23.unspliced,7820,180108,5682,166230,protein_coding
LONP1_chr19_5691834_5720572_-_ENSG00000196365.12_ENSG00000196365.12.unspliced,14178,2514,10438,331,protein_coding
LRBA_chr4_150264435_151015727_-_ENSG00000198589.15_ENSG00000198589.15.unspliced,12718,621785,2318,580556,protein_coding
LRP12_chr8_104489231_104589258_-_ENSG00000147650.12_ENSG00000147650.12.unspliced,3094,87322,1444,80973,protein_coding
LRP5_chr11_68312591_68449275_+_ENSG00000162337.12_ENSG00000162337.12.unspliced,59694,28349,52441,8903,protein_coding
LRP8_chr1_53242364_53328469_-_ENSG00000157193.18_ENSG00000157193.18.unspliced,32592,29293,25271,9811,protein_coding
LRPAP1_chr4_3503612_3532446_-_ENSG00000163956.13_ENSG00000163956.13.unspliced,16162,7746,16092,4833,protein_coding
LRRC41_chr1_46261196_46303616_-_ENSG00000132128.18_ENSG00000132128.18.unspliced,4178,10641,2723,9120,protein_coding
LRRC47_chr1_3778559_3796498_-_ENSG00000130764.10_ENSG00000130764.10.unspliced,8701,2304,4335,1027,protein_coding
LRRC59_chr17_50375059_50397523_-_ENSG00000108829.10_ENSG00000108829.10.unspliced,2882,10525,1833,8033,protein_coding
LRRC8A_chr9_128882133_128918039_+_ENSG00000136802.12_ENSG00000136802.12.unspliced,13048,4151,7116,2944,protein_coding
LRRC8D_chr1_89821014_89936611_+_ENSG00000171492.14_ENSG00000171492.14.unspliced,3163,95451,1546,84833,protein_coding
LSM10_chr1_36391238_36397908_-_ENSG00000181817.6_ENSG00000181817.6.unspliced,2315,2302,1598,1157,protein_coding
LSM14B_chr20_62122461_62135374_+_ENSG00000149657.20_ENSG00000149657.20.unspliced,6136,3069,4388,2048,protein_coding
LSS_chr21_46188141_46228824_-_ENSG00000160285.15_ENSG00000160285.15.unspliced,14291,15305,14765,7853,protein_coding
LTBP4_chr19_40592883_40629818_+_ENSG00000090006.18_ENSG00000090006.18.unspliced,18337,5473,13318,2330,protein_coding
LTBR_chr12_6375045_6391571_+_ENSG00000111321.11_ENSG00000111321.11.unspliced,4889,4087,4160,2773,protein_coding
LYAR_chr4_4267701_4290154_-_ENSG00000145220.14_ENSG00000145220.14.unspliced,3143,16439,1299,13996,protein_coding
LYN_chr8_55879835_56014169_+_ENSG00000254087.8_ENSG00000254087.8.unspliced,8291,84085,1450,60277,protein_coding
LYRM4_chr6_5103629_5260950_-_ENSG00000214113.11_ENSG00000214113.11.unspliced,10134,106231,2772,94665,protein_coding
LZTR1_chr22_20982269_20999032_+_ENSG00000099949.22_ENSG00000099949.22.unspliced,8818,2742,7471,713,protein_coding
LZTS2_chr10_100996618_101007836_+_ENSG00000107816.17_ENSG00000107816.17.unspliced,6984,2063,6724,245,protein_coding
MACF1_chr1_39081316_39487177_+_ENSG00000127603.32_ENSG00000127603.32.unspliced,14345,244905,9786,227567,protein_coding
MACROH2A1_chr5_135334381_135399914_-_ENSG00000113648.17_ENSG00000113648.17.unspliced,13482,36112,7564,26116,protein_coding
MADD_chr11_47269161_47330031_+_ENSG00000110514.20_ENSG00000110514.20.unspliced,8321,26333,4955,19499,protein_coding
MAFG_chr17_81918270_81927735_-_ENSG00000197063.11_ENSG00000197063.11.unspliced,6425,1796,5298,319,protein_coding
MAML1_chr5_179732822_179777283_+_ENSG00000161021.13_ENSG00000161021.13.unspliced,3466,14331,3898,14181,protein_coding
MAN1A2_chr1_117367449_117528872_+_ENSG00000198162.12_ENSG00000198162.12.unspliced,3175,133119,578,128985,protein_coding
MAN2A1_chr5_109689927_109869625_+_ENSG00000112893.10_ENSG00000112893.10.unspliced,3757,161740,1267,151893,protein_coding
MAN2A2_chr15_90902218_90922584_+_ENSG00000196547.15_ENSG00000196547.15.unspliced,12054,1878,10698,287,protein_coding
MANBAL_chr20_37289649_37317260_+_ENSG00000101363.13_ENSG00000101363.13.unspliced,3462,13582,4981,11245,protein_coding
MAP1B_chr5_72107234_72209565_+_ENSG00000131711.15_ENSG00000131711.15.unspliced,2860,70198,2710,63159,protein_coding
MAP1LC3B_chr16_87383953_87404779_+_ENSG00000140941.14_ENSG00000140941.14.unspliced,3094,7802,2619,6648,protein_coding
MAP1S_chr19_17719242_17734513_+_ENSG00000130479.11_ENSG00000130479.11.unspliced,8616,2056,6975,1595,protein_coding
MAP3K14-AS1_chr17_45247905_45269836_+_ENSG00000267278.7_ENSG00000267278.7.unspliced,8797,4500,7391,1343,lncRNA
MAP3K14_chr17_45263119_45317029_-_ENSG00000006062.18_ENSG00000006062.18.unspliced,11807,13328,8323,10773,protein_coding
MAP3K20_chr2_173075435_173268015_+_ENSG00000091436.17_ENSG00000091436.17.unspliced,3555,149397,670,142524,protein_coding
MAP3K4_chr6_160991727_161117385_+_ENSG00000085511.20_ENSG00000085511.20.unspliced,4330,109716,2907,104129,protein_coding
MAP4K3_chr2_39249266_39437301_-_ENSG00000011566.15_ENSG00000011566.15.unspliced,3346,157747,258,142703,protein_coding
MAP4K4_chr2_101696850_101894690_+_ENSG00000071054.17_ENSG00000071054.17.unspliced,4709,161669,2515,148712,protein_coding
MAP7D1_chr1_36155579_36180849_+_ENSG00000116871.16_ENSG00000116871.16.unspliced,12612,4862,10967,2881,protein_coding
MAPK14_chr6_36027752_36122511_+_ENSG00000112062.13_ENSG00000112062.13.unspliced,4560,68392,1174,61654,protein_coding
MAPK1_chr22_21759657_21867680_-_ENSG00000100030.15_ENSG00000100030.15.unspliced,4793,64011,973,55357,protein_coding
MAPK8IP3_chr16_1706166_1770351_+_ENSG00000138834.15_ENSG00000138834.15.unspliced,28016,8477,24202,1242,protein_coding
MAPK9_chr5_180233143_180292099_-_ENSG00000050748.18_ENSG00000050748.18.unspliced,6291,39986,6226,33629,protein_coding
MAPKAPK2_chr1_206684905_206734281_+_ENSG00000162889.11_ENSG00000162889.11.unspliced,12407,24210,8271,14993,protein_coding
MAPKAPK3_chr3_50611520_50649291_+_ENSG00000114738.11_ENSG00000114738.11.unspliced,14674,5632,16204,1462,protein_coding
MAPRE1_chr20_32819954_32850405_+_ENSG00000101367.9_ENSG00000101367.9.unspliced,2383,19750,2618,15450,protein_coding
MAPRE3_chr2_26970637_27027219_+_ENSG00000084764.12_ENSG00000084764.12.unspliced,3853,27586,4229,22291,protein_coding
MARCHF3_chr5_126867714_127030558_-_ENSG00000173926.6_ENSG00000173926.6.unspliced,1514,104157,4824,100525,protein_coding
MARCHF7_chr2_159712457_159771027_+_ENSG00000136536.15_ENSG00000136536.15.unspliced,2391,47012,951,44826,protein_coding
MARS1_chr12_57475445_57517569_+_ENSG00000166986.15_ENSG00000166986.15.unspliced,8830,10736,6208,8619,protein_coding
MATK_chr19_3777970_3802129_-_ENSG00000007264.15_ENSG00000007264.15.unspliced,9318,2313,4981,708,protein_coding
MAU2_chr19_19320829_19358754_+_ENSG00000129933.21_ENSG00000129933.21.unspliced,15468,6414,10969,990,protein_coding
MBD1_chr18_50266882_50281774_-_ENSG00000141644.19_ENSG00000141644.19.unspliced,5791,6967,4244,2554,protein_coding
MBD3_chr19_1573596_1592865_-_ENSG00000071655.18_ENSG00000071655.18.unspliced,8895,1167,7386,1059,protein_coding
MBOAT2_chr2_8852690_9003709_-_ENSG00000143797.12_ENSG00000143797.12.unspliced,3675,114730,881,102351,protein_coding
MCAM_chr11_119308529_119321521_-_ENSG00000076706.17_ENSG00000076706.17.unspliced,9027,1444,7275,757,protein_coding
MCAT_chr22_43132209_43143398_-_ENSG00000100294.13_ENSG00000100294.13.unspliced,3826,2332,1468,600,protein_coding
MCL1_chr1_150560895_150579738_-_ENSG00000143384.14_ENSG00000143384.14.unspliced,4385,6548,1418,4809,protein_coding
MCM10_chr10_13161558_13211110_+_ENSG00000065328.17_ENSG00000065328.17.unspliced,1651,27940,1018,22960,protein_coding
MCM2_chr3_127598223_127622436_+_ENSG00000073111.15_ENSG00000073111.15.unspliced,9270,9331,5467,5963,protein_coding
MCM3AP-AS1_chr21_46228394_46284359_+_ENSG00000215424.11_ENSG00000215424.11.unspliced,10778,12095,7602,9431,lncRNA
MCM3AP_chr21_46235133_46286297_-_ENSG00000160294.11_ENSG00000160294.11.unspliced,7434,24283,8092,17992,protein_coding
MCM4_chr8_47960185_47978160_+_ENSG00000104738.19_ENSG00000104738.19.unspliced,3662,10594,386,8284,protein_coding
MCM5_chr22_35400134_35425431_+_ENSG00000100297.16_ENSG00000100297.16.unspliced,10964,4992,6967,2894,protein_coding
MCRS1_chr12_49556544_49568145_-_ENSG00000187778.14_ENSG00000187778.14.unspliced,5623,1179,4530,561,protein_coding
MCTS2_chr20_31547379_31569541_+_ENSG00000101898.8_ENSG00000101898.8.unspliced,4563,4277,4699,1935,protein_coding
MDC1_chr6_30699807_30717447_-_ENSG00000137337.16_ENSG00000137337.16.unspliced,3284,4648,2595,2465,protein_coding
MDH2_chr7_76048051_76067508_+_ENSG00000146701.12_ENSG00000146701.12.unspliced,5182,5481,4606,2332,protein_coding
MDM4_chr1_204516379_204558120_+_ENSG00000198625.14_ENSG00000198625.14.unspliced,1811,23046,1870,22194,protein_coding
MDN1_chr6_89642498_89819794_-_ENSG00000112159.13_ENSG00000112159.13.unspliced,2788,121776,1912,112783,protein_coding
MED13L_chr12_115957905_116277693_-_ENSG00000123066.9_ENSG00000123066.9.unspliced,2718,269726,571,254504,protein_coding
MED15P9_chr2_130129565_130139420_+_ENSG00000290707.2_ENSG00000290707.2.unspliced,3556,3774,2417,3710,lncRNA
MED15_chr22_20495913_20587632_+_ENSG00000099917.17_ENSG00000099917.17.unspliced,23479,28826,16972,18899,protein_coding
MED23_chr6_131573966_131628242_-_ENSG00000112282.18_ENSG00000112282.18.unspliced,527,46236,505,43740,protein_coding
MED24_chr17_40019097_40061215_-_ENSG00000008838.21_ENSG00000008838.21.unspliced,9900,12338,8132,6353,protein_coding
MED25_chr19_49818282_49840383_+_ENSG00000104973.19_ENSG00000104973.19.unspliced,10325,2054,7871,1603,protein_coding
MED9_chr17_17476994_17493221_+_ENSG00000141026.6_ENSG00000141026.6.unspliced,3430,4289,2648,4962,protein_coding
MEF2D_chr1_156463727_156500779_-_ENSG00000116604.19_ENSG00000116604.19.unspliced,16700,7566,15938,1668,protein_coding
MEIS2_chr15_36889204_37101299_-_ENSG00000134138.22_ENSG00000134138.22.unspliced,5770,173466,706,156203,protein_coding
METAP1_chr4_98995659_99062809_+_ENSG00000164024.12_ENSG00000164024.12.unspliced,2818,57668,2717,55382,protein_coding
METTL22_chr16_8621683_8649654_+_ENSG00000067365.15_ENSG00000067365.15.unspliced,3357,14503,5188,6537,protein_coding
METTL25B_chr1_156728442_156736960_+_ENSG00000143303.12_ENSG00000143303.12.unspliced,1944,1971,846,633,protein_coding
METTL9_chr16_21597218_21657471_+_ENSG00000197006.15_ENSG00000197006.15.unspliced,5439,42564,3884,38852,protein_coding
MFGE8_chr15_88898683_88913468_-_ENSG00000140545.16_ENSG00000140545.16.unspliced,7672,3324,5593,372,protein_coding
MFN2_chr1_11980181_12015211_+_ENSG00000116688.18_ENSG00000116688.18.unspliced,12006,9698,9718,5544,protein_coding
MFSD12_chr19_3538261_3574290_-_ENSG00000161091.15_ENSG00000161091.15.unspliced,15818,2375,11063,479,protein_coding
MFSD14CP_chr9_96885846_97013790_-_ENSG00000290770.2_ENSG00000290770.2.unspliced,11853,70927,9098,62232,lncRNA
MFSD2B_chr2_24010081_24063321_+_ENSG00000205639.12_ENSG00000205639.12.unspliced,11841,17693,8492,13710,protein_coding
MGAT1_chr5_180784780_180815652_-_ENSG00000131446.17_ENSG00000131446.17.unspliced,15071,12030,8168,7075,protein_coding
MGC4859_chr7_10409684_10779990_-_ENSG00000283117.2_ENSG00000283117.2.unspliced,9102,325228,5872,296788,lncRNA
MIDEAS_chr14_73715122_73790285_-_ENSG00000156030.14_ENSG00000156030.14.unspliced,25662,21413,18458,13486,protein_coding
MIEF1_chr22_39499432_39518132_+_ENSG00000100335.15_ENSG00000100335.15.unspliced,2674,8164,3677,3153,protein_coding
MIER2_chr19_305573_344815_-_ENSG00000105556.12_ENSG00000105556.12.unspliced,16555,14695,14057,8533,protein_coding
MIGA2_chr9_129036621_129072082_+_ENSG00000148343.19_ENSG00000148343.19.unspliced,10130,3707,10656,2260,protein_coding
MIIP_chr1_12019466_12032045_+_ENSG00000116691.11_ENSG00000116691.11.unspliced,4474,1569,3365,1191,protein_coding
MINDY4_chr7_30771417_30892387_+_ENSG00000106125.14_ENSG00000106125.14.unspliced,20013,60126,23511,33969,protein_coding
MIR3667HG_chr22_49414523_49658432_-_ENSG00000188511.15_ENSG00000188511.15.unspliced,80756,93093,77353,54140,lncRNA
MIRLET7A1HG_chr9_94166258_94200905_+_ENSG00000269929.7_ENSG00000269929.7.unspliced,1800,25807,952,23785,lncRNA
MIS18A_chr21_32268228_32279049_-_ENSG00000159055.4_ENSG00000159055.4.unspliced,1501,7846,492,7229,protein_coding
MLLT10_chr10_21524646_21743630_+_ENSG00000078403.17_ENSG00000078403.17.unspliced,10424,159637,2835,147305,protein_coding
MLLT1_chr19_6210381_6279975_-_ENSG00000130382.9_ENSG00000130382.9.unspliced,34187,24526,31353,12403,protein_coding
MLLT6_chr17_38705273_38729795_+_ENSG00000275023.5_ENSG00000275023.5.unspliced,12951,3531,10165,887,protein_coding
MLX_chr17_42567072_42573239_+_ENSG00000108788.12_ENSG00000108788.12.unspliced,1131,1914,4010,542,protein_coding
MLYCD_chr16_83899115_83951445_+_ENSG00000103150.7_ENST00000262430.6,6280,2611,3747,231,protein_coding
MMP17_chr12_131828393_131851783_+_ENSG00000198598.7_ENSG00000198598.7.unspliced,15745,2971,12504,217,protein_coding
MMS19_chr10_97458324_97498794_-_ENSG00000155229.21_ENSG00000155229.21.unspliced,2211,22828,1329,17599,protein_coding
MOCOS_chr18_36187497_36272157_+_ENSG00000075643.6_ENSG00000075643.6.unspliced,7994,54226,3591,47841,protein_coding
MOV10_chr1_112673141_112700756_+_ENSG00000155363.19_ENSG00000155363.19.unspliced,5789,13727,3731,13383,protein_coding
MPV17_chr2_27309492_27325680_-_ENSG00000115204.15_ENSG00000115204.15.unspliced,4359,4061,1551,970,protein_coding
MPZL1_chr1_167721192_167791919_+_ENSG00000197965.12_ENSG00000197965.12.unspliced,1273,49556,449,46250,protein_coding
MRI1_chr19_13764522_13774282_+_ENSG00000037757.14_ENSG00000037757.14.unspliced,3597,1732,2984,1058,protein_coding
MRM1_chr17_36601583_36608964_+_ENSG00000278619.5_ENSG00000278619.5.unspliced,2786,1082,1200,695,protein_coding
MRM2_chr7_2234195_2242205_-_ENSG00000122687.19_ENSG00000122687.19.unspliced,1576,1533,2502,1230,protein_coding
MRPL27_chr17_50367857_50373207_-_ENSG00000108826.16_ENSG00000108826.16.unspliced,1203,2844,988,2009,protein_coding
MRPL37_chr1_54184041_54225464_+_ENSG00000116221.15_ENSG00000116221.15.unspliced,7778,14775,5227,5567,protein_coding
MRPL49_chr11_65122183_65127371_+_ENSG00000149792.9_ENSG00000149792.9.unspliced,1566,1807,212,442,protein_coding
MRPS25_chr3_15009611_15065339_-_ENSG00000131368.9_ENSG00000131368.9.unspliced,5884,27656,5343,18083,protein_coding
MRTO4_chr1_19251805_19260128_+_ENSG00000053372.5_ENSG00000053372.5.unspliced,3985,1794,2111,435,protein_coding
MSH5-SAPCD1_chr6_31740020_31764851_+_ENSG00000255152.8_ENSG00000255152.8.unspliced,4248,7947,2047,5617,protein_coding
MSH5_chr6_31739677_31762676_+_ENSG00000204410.16_ENSG00000204410.16.unspliced,2990,7405,1614,5345,protein_coding
MTA1_chr14_105419820_105470729_+_ENSG00000182979.18_ENSG00000182979.18.unspliced,28147,7539,24847,2376,protein_coding
MTA2_chr11_62593214_62601865_-_ENSG00000149480.7_ENSG00000149480.7.unspliced,6339,2710,3965,793,protein_coding
MTCH1_chr6_36965807_36986298_-_ENSG00000137409.21_ENSG00000137409.21.unspliced,8170,8159,8945,3885,protein_coding
MTCL2_chr20_36777447_36863538_-_ENSG00000149639.15_ENSG00000149639.15.unspliced,23459,20927,15714,12085,protein_coding
MTDH_chr8_97644184_97730260_+_ENSG00000147649.10_ENSG00000147649.10.unspliced,1209,51336,1258,45331,protein_coding
MTFR1L_chr1_25818640_25832942_+_ENSG00000117640.18_ENSG00000117640.18.unspliced,3353,6284,3608,4097,protein_coding
MTG2_chr20_62183028_62203568_+_ENSG00000101181.18_ENSG00000101181.18.unspliced,8349,6826,4942,2995,protein_coding
MTHFD1L_chr6_150865679_151101887_+_ENSG00000120254.16_ENSG00000120254.16.unspliced,8126,133222,6570,118222,protein_coding
MTHFD1_chr14_64388031_64463457_+_ENSG00000100714.18_ENSG00000100714.18.unspliced,2616,50311,508,41411,protein_coding
MTHFR_chr1_11785723_11806455_-_ENSG00000177000.13_ENSG00000177000.13.unspliced,8267,4078,6845,2077,protein_coding
MTHFSD_chr16_86530178_86555235_-_ENSG00000103248.19_ENSG00000103248.19.unspliced,4325,12099,5641,5876,protein_coding
MTMR14_chr3_9649433_9702393_+_ENSG00000163719.20_ENSG00000163719.20.unspliced,6805,21027,4955,11658,protein_coding
MTMR4_chr17_58489529_58517905_-_ENSG00000108389.10_ENSG00000108389.10.unspliced,5488,11742,4486,9803,protein_coding
MTOR_chr1_11106535_11262556_-_ENSG00000198793.14_ENSG00000198793.14.unspliced,8590,83144,4846,76579,protein_coding
MTRES1_chr6_107028199_107051586_+_ENSG00000130349.10_ENSG00000130349.10.unspliced,2544,7384,364,5961,protein_coding
MTRFR_chr12_123233385_123258079_+_ENSG00000130921.9_ENSG00000130921.9.unspliced,4470,9096,1786,7642,protein_coding
MTRR_chr5_7851186_7906025_+_ENSG00000124275.15_ENSG00000124275.15.unspliced,2253,44447,950,42988,protein_coding
MTR_chr1_236795260_236921278_+_ENSG00000116984.15_ENSG00000116984.15.unspliced,1610,100111,3002,91721,protein_coding
MTSS2_chr16_70661204_70686053_-_ENSG00000132613.16_ENSG00000132613.16.unspliced,11193,7381,9992,4653,protein_coding
MUC20-OT1_chr3_195635709_195739964_+_ENSG00000242086.9_ENSG00000242086.9.unspliced,15088,43186,12465,23767,lncRNA
MUTYH_chr1_45329163_45340893_-_ENSG00000132781.22_ENSG00000132781.22.unspliced,5251,1946,4452,2415,protein_coding
MVD_chr16_88651935_88663161_-_ENSG00000167508.12_ENSG00000167508.12.unspliced,7293,1821,6631,901,protein_coding
MVK_chr12_109573255_109598125_+_ENSG00000110921.14_ENSG00000110921.14.unspliced,9441,6507,9378,3344,protein_coding
MXD4_chr4_2247432_2262109_-_ENSG00000123933.17_ENSG00000123933.17.unspliced,11270,1125,8815,1526,protein_coding
MYBL2_chr20_43667019_43716495_+_ENSG00000101057.16_ENSG00000101057.16.unspliced,13409,13472,10724,8407,protein_coding
MYO18A_chr17_29071122_29180398_-_ENSG00000196535.20_ENSG00000196535.20.unspliced,46450,21664,36769,11886,protein_coding
MZT2A_chr2_131464900_131492743_-_ENSG00000173272.16_ENSG00000173272.16.unspliced,6969,6693,4792,2851,protein_coding
NAA15_chr4_139301446_139420033_+_ENSG00000164134.14_ENSG00000164134.14.unspliced,1082,84488,233,78117,protein_coding
NAA35_chr9_85941146_86025462_+_ENSG00000135040.16_ENSG00000135040.16.unspliced,2471,64757,2288,57420,protein_coding
NAA40_chr11_63938959_63957319_+_ENSG00000110583.13_ENSG00000110583.13.unspliced,5356,3541,2428,1362,protein_coding
NACC1_chr19_13116862_13141147_+_ENSG00000160877.7_ENSG00000160877.7.unspliced,11588,5542,10189,836,protein_coding
NADK_chr1_1751232_1780457_-_ENSG00000008130.15_ENSG00000008130.15.unspliced,13404,7120,10679,4091,protein_coding
NAE1_chr16_66802875_66873256_-_ENSG00000159593.15_ENSG00000159593.15.unspliced,9666,30498,6901,23867,protein_coding
NAF1_chr4_163110073_163166890_-_ENSG00000145414.9_ENSG00000145414.9.unspliced,2734,51308,3108,46234,protein_coding
NANS_chr9_98056732_98083077_+_ENSG00000095380.11_ENSG00000095380.11.unspliced,2775,10590,2344,11728,protein_coding
NAP1L4_chr11_2944431_2992377_-_ENSG00000205531.14_ENSG00000205531.14.unspliced,4338,34605,2756,32348,protein_coding
NAPA_chr19_47487637_47515091_-_ENSG00000105402.8_ENSG00000105402.8.unspliced,15554,2727,9392,767,protein_coding
NARF_chr17_82458180_82490537_+_ENSG00000141562.19_ENSG00000141562.19.unspliced,10278,6138,8264,3956,protein_coding
NAXD_chr13_110615545_110639996_+_ENSG00000213995.12_ENSG00000213995.12.unspliced,12780,13238,8854,7598,protein_coding
NBL1_chr1_19596979_19658456_+_ENSG00000158747.15_ENSG00000158747.15.unspliced,12197,32236,7837,20967,protein_coding
NBR2_chr17_43125420_43153671_+_ENSG00000198496.13_ENSG00000198496.13.unspliced,4138,7429,454,6045,lncRNA
NCAM2_chr21_20998409_21543329_+_ENSG00000154654.15_ENSG00000154654.15.unspliced,1191,466429,637,436894,protein_coding
NCAPD3_chr11_134150113_134225504_-_ENSG00000151503.14_ENSG00000151503.14.unspliced,9739,50044,3299,46040,protein_coding
NCAPH2_chr22_50508224_50524780_+_ENSG00000025770.19_ENSG00000025770.19.unspliced,5635,2499,6475,1991,protein_coding
NCAPH_chr2_96335766_96377091_+_ENSG00000121152.10_ENSG00000121152.10.unspliced,5793,20911,2917,19244,protein_coding
NCLN_chr19_3185563_3209575_+_ENSG00000125912.11_ENSG00000125912.11.unspliced,15912,4302,12809,526,protein_coding
NCL_chr2_231453531_231483641_-_ENSG00000115053.17_ENSG00000115053.17.unspliced,6578,10839,3423,9942,protein_coding
NCOA5_chr20_46060991_46089962_-_ENSG00000124160.12_ENSG00000124160.12.unspliced,1030,24372,1559,19942,protein_coding
NDC1_chr1_53765478_53838463_-_ENSG00000058804.12_ENSG00000058804.12.unspliced,3057,51475,1482,47704,protein_coding
NDST1_chr5_150485818_150558211_+_ENSG00000070614.15_ENSG00000070614.15.unspliced,24479,22276,21660,6425,protein_coding
NDUFAB1_chr16_23581014_23596316_-_ENSG00000004779.10_ENSG00000004779.10.unspliced,3270,6753,3075,3518,protein_coding
NDUFB6_chr9_32553001_32573184_-_ENSG00000165264.11_ENSG00000165264.11.unspliced,1648,13589,949,12733,protein_coding
NDUFB8_chr10_100523668_100530000_-_ENSG00000166136.17_ENSG00000166136.17.unspliced,940,3858,820,2084,protein_coding
NDUFS6_chr5_1801407_1816048_+_ENSG00000145494.12_ENSG00000145494.12.unspliced,5972,7269,1603,6090,protein_coding
NEAT1_chr11_65422278_65445540_+_ENSG00000245532.12_ENST00000501122.3.monoexonic.unspliced,4755,16424,1440,15986,lncRNA
NECAP2_chr1_16440721_16460078_+_ENSG00000157191.20_ENSG00000157191.20.unspliced,4873,5844,2504,3338,protein_coding
NELFB_chr9_137255327_137273542_+_ENSG00000188986.9_ENSG00000188986.9.unspliced,8940,3106,6384,534,protein_coding
NELFCD_chr20_58981208_58995133_+_ENSG00000101158.15_ENSG00000101158.15.unspliced,1790,7262,446,5347,protein_coding
NELFE_chr6_31952087_31959038_-_ENSG00000204356.14_ENSG00000204356.14.unspliced,1674,1664,1070,689,protein_coding
NETO2_chr16_47077703_47143945_-_ENSG00000171208.10_ENSG00000171208.10.unspliced,2660,50608,3228,46770,protein_coding
NEU3_chr11_74988279_75018893_+_ENSG00000162139.10_ENSG00000162139.10.unspliced,4624,21201,294,17433,protein_coding
NF1_chr17_31094927_31382116_+_ENSG00000196712.20_ENSG00000196712.20.unspliced,4533,226214,1674,210266,protein_coding
NFATC2IP_chr16_28950807_28967092_+_ENSG00000176953.13_ENSG00000176953.13.unspliced,3390,4589,2278,3363,protein_coding
NFATC3_chr16_68084751_68229259_+_ENSG00000072736.19_ENSG00000072736.19.unspliced,4654,89227,2859,80213,protein_coding
NFE2L1_chr17_48048329_48061545_+_ENSG00000082641.16_ENSG00000082641.16.unspliced,7415,1316,6243,467,protein_coding
NFIC_chr19_3314403_3469217_+_ENSG00000141905.19_ENSG00000141905.19.unspliced,59506,17708,38695,7136,protein_coding
NFKBIB_chr19_38899700_38908893_+_ENSG00000104825.17_ENSG00000104825.17.unspliced,3380,2222,2142,1048,protein_coding
NFYC_chr1_40691648_40771603_+_ENSG00000066136.21_ENSG00000066136.21.unspliced,2563,55415,1792,52007,protein_coding
NIPA2_chr15_22838644_22869362_+_ENSG00000140157.16_ENSG00000140157.16.unspliced,801,18503,236,14376,protein_coding
NIPAL3_chr1_24415802_24475252_+_ENSG00000001461.18_ENSG00000001461.18.unspliced,3888,33860,4473,24735,protein_coding
NIPBL_chr5_36876769_37066413_+_ENSG00000164190.19_ENSG00000164190.19.unspliced,3136,164001,1184,153780,protein_coding
NISCH_chr3_52455118_52493068_+_ENSG00000010322.16_ENSG00000010322.16.unspliced,12683,9935,12694,4822,protein_coding
NLE1_chr17_35128730_35142304_-_ENSG00000073536.18_ENSG00000073536.18.unspliced,3807,6497,3709,326,protein_coding
NME6_chr3_48290722_48301685_-_ENSG00000172113.10_ENSG00000172113.10.unspliced,690,5705,1882,3839,protein_coding
NNT_chr5_43602692_43707405_+_ENSG00000112992.18_ENSG00000112992.18.unspliced,3776,87986,2541,82784,protein_coding
NOB1_chr16_69741871_69754926_-_ENSG00000141101.13_ENSG00000141101.13.unspliced,2207,5841,1259,4905,protein_coding
NOL10_chr2_10562347_10689987_-_ENSG00000115761.17_ENSG00000115761.17.unspliced,3101,90258,1839,82275,protein_coding
NOL4L_chr20_32443059_32585333_-_ENSG00000197183.15_ENSG00000197183.15.unspliced,49186,29356,44112,12709,protein_coding
NOL6_chr9_33461353_33473930_-_ENSG00000165271.17_ENSG00000165271.17.unspliced,8153,1804,6362,400,protein_coding
NOL9_chr1_6521347_6554513_-_ENSG00000162408.11_ENSG00000162408.11.unspliced,2259,13509,2388,8775,protein_coding
NOM1_chr7_156949712_156973176_+_ENSG00000146909.8_ENSG00000146909.8.unspliced,4411,11281,2587,9184,protein_coding
NONO_chrX_71254814_71301522_+_ENSG00000147140.17_ENSG00000147140.17.unspliced,685,27418,1162,22613,protein_coding
NOP14_chr4_2937933_2963406_-_ENSG00000087269.16_ENSG00000087269.16.unspliced,9653,9967,9654,8002,protein_coding
NOS3_chr7_150991017_151014588_+_ENSG00000164867.11_ENSG00000164867.11.unspliced,12305,3404,8249,943,protein_coding
NPLOC4_chr17_81556887_81648465_-_ENSG00000182446.15_ENSG00000182446.15.unspliced,14976,30905,10998,27742,protein_coding
NPRL3_chr16_84271_138677_-_ENSG00000103148.17_ENSG00000103148.17.unspliced,14740,13690,14457,7427,protein_coding
NPTN_chr15_73560014_73634134_-_ENSG00000156642.17_ENSG00000156642.17.unspliced,3086,56431,2697,53143,protein_coding
NQO2_chr6_2987987_3019755_+_ENSG00000124588.22_ENSG00000124588.22.unspliced,6209,14255,5034,11239,protein_coding
NR1H2_chr19_50329653_50383388_+_ENSG00000131408.15_ENSG00000131408.15.unspliced,16129,10704,6951,7813,protein_coding
NR2C2_chr3_14947583_15053600_+_ENSG00000177463.16_ENSG00000177463.16.unspliced,1770,67910,2637,59489,protein_coding
NR2F6_chr19_17231883_17245919_-_ENSG00000160113.6_ENSG00000160113.6.unspliced,6211,1698,5453,474,protein_coding
NR6A1_chr9_124517275_124771311_-_ENSG00000148200.17_ENSG00000148200.17.unspliced,6570,182105,1739,160350,protein_coding
NRDC_chr1_51789191_51878805_-_ENSG00000078618.23_ENSG00000078618.23.unspliced,3115,64037,1643,60511,protein_coding
NRF1_chr7_129611720_129757082_+_ENSG00000106459.15_ENSG00000106459.15.unspliced,4520,95408,2503,89299,protein_coding
NSD2_chr4_1871393_1982207_+_ENSG00000109685.19_ENSG00000109685.19.unspliced,15998,52412,15113,38698,protein_coding
NSL1_chr1_212726153_212791782_-_ENSG00000117697.15_ENSG00000117697.15.unspliced,4643,48312,350,44991,protein_coding
NSMAF_chr8_58583504_58659853_-_ENSG00000035681.10_ENSG00000035681.10.unspliced,3424,60205,1143,55421,protein_coding
NSMCE2_chr8_125091679_125367125_+_ENSG00000156831.9_ENSG00000156831.9.unspliced,3536,202431,2549,181633,protein_coding
NSUN5_chr7_73302516_73308826_-_ENSG00000130305.17_ENSG00000130305.17.unspliced,3455,2112,3680,513,protein_coding
NT5C3B_chr17_41825057_41836260_-_ENSG00000141698.17_ENSG00000141698.17.unspliced,2075,4769,663,2004,protein_coding
NT5DC3_chr12_103770453_103841234_-_ENSG00000111696.12_ENSG00000111696.12.unspliced,2919,49817,1816,46886,protein_coding
NUDCD3_chr7_44379119_44490658_-_ENSG00000015676.18_ENSG00000015676.18.unspliced,10111,74724,11615,59256,protein_coding
NUMBL_chr19_40665905_40690972_-_ENSG00000105245.9_ENSG00000105245.9.unspliced,8295,5970,5250,2244,protein_coding
NUP188_chr9_128947699_129007096_+_ENSG00000095319.14_ENSG00000095319.14.unspliced,4470,24850,1544,21809,protein_coding
NUP210_chr3_13316235_13420322_-_ENSG00000132182.13_ENSG00000132182.13.unspliced,46404,30523,39571,14742,protein_coding
NUP214_chr9_131125573_131234663_+_ENSG00000126883.19_ENSG00000126883.19.unspliced,5098,76038,1652,69068,protein_coding
NUP42_chr7_23181841_23201011_+_ENSG00000136243.18_ENSG00000136243.18.unspliced,1309,12431,320,9683,protein_coding
NUP43_chr6_149724315_149749665_-_ENSG00000120253.14_ENSG00000120253.14.unspliced,909,9518,428,9600,protein_coding
NUP62_chr19_49906825_49929764_-_ENSG00000213024.13_ENSG00000213024.13.unspliced,8003,4058,6022,817,protein_coding
NUP85_chr17_75205659_75235758_+_ENSG00000125450.11_ENSG00000125450.11.unspliced,5738,7256,699,5076,protein_coding
NUP93_chr16_56730118_56850286_+_ENSG00000102900.13_ENSG00000102900.13.unspliced,6826,91219,4582,74333,protein_coding
NUP98_chr11_3671083_3797792_-_ENSG00000110713.18_ENSG00000110713.18.unspliced,4653,77444,310,68197,protein_coding
NUTF2_chr16_67846882_67872567_+_ENSG00000102898.13_ENSG00000102898.13.unspliced,7304,4896,3662,924,protein_coding
NVL_chr1_224227334_224330189_-_ENSG00000143748.18_ENSG00000143748.18.unspliced,3001,59651,315,52662,protein_coding
OBSL1_chr2_219550728_219571859_-_ENSG00000124006.15_ENSG00000124006.15.unspliced,13812,3471,12047,543,protein_coding
ODC1_chr2_10439968_10448327_-_ENSG00000115758.14_ENSG00000115758.14.unspliced,1570,5899,382,5476,protein_coding
ODF2_chr9_128455186_128501292_+_ENSG00000136811.17_ENSG00000136811.17.unspliced,7558,15585,9945,8112,protein_coding
OGDH_chr7_44606572_44709066_+_ENSG00000105953.16_ENSG00000105953.16.unspliced,9598,51166,7625,37727,protein_coding
OGFOD3_chr17_82389210_82418637_-_ENSG00000181396.13_ENSG00000181396.13.unspliced,13181,6656,13242,1971,protein_coding
OLA1_chr2_174072447_174248599_-_ENSG00000138430.16_ENSG00000138430.16.unspliced,2549,148346,1541,140486,protein_coding
OPLAH_chr8_144051266_144063965_-_ENSG00000178814.17_ENSG00000178814.17.unspliced,10333,1380,8880,231,protein_coding
ORAI1_chr12_121626509_121643218_+_ENSG00000276045.4_ENSG00000276045.4.unspliced,7390,2426,3595,1781,protein_coding
OSBPL3_chr7_24796540_24981634_-_ENSG00000070882.13_ENSG00000070882.13.unspliced,2491,146394,2574,126406,protein_coding
OTUD5_chrX_48922024_48958386_-_ENSG00000068308.15_ENSG00000068308.15.unspliced,10540,14501,8120,9617,protein_coding
OTULIN_chr5_14664664_14716529_+_ENSG00000154124.7_ENSG00000154124.7.unspliced,6199,32809,2495,33850,protein_coding
OXSR1_chr3_38165089_38255484_+_ENSG00000172939.9_ENSG00000172939.9.unspliced,5779,70863,1177,65975,protein_coding
P2RX1_chr17_3896592_3916476_-_ENSG00000108405.4_ENSG00000108405.4.unspliced,7275,1237,6242,523,protein_coding
P2RX4_chr12_121210065_121234106_+_ENSG00000135124.16_ENSG00000135124.16.unspliced,3775,4735,3901,2262,protein_coding
PABPC4_chr1_39560709_39576790_-_ENSG00000090621.15_ENSG00000090621.15.unspliced,5487,11163,2534,8008,protein_coding
PANK2_chr20_3888839_3929887_+_ENSG00000125779.24_ENSG00000125779.24.unspliced,5000,20399,1260,18389,protein_coding
PAOX_chr10_133379261_133391694_+_ENSG00000148832.16_ENSG00000148832.16.unspliced,3899,2006,2641,698,protein_coding
PARP1_chr1_226360210_226408154_-_ENSG00000143799.14_ENSG00000143799.14.unspliced,5076,24765,4371,18529,protein_coding
PAXIP1_chr7_154943687_155003124_-_ENSG00000157212.20_ENSG00000157212.20.unspliced,4772,44340,2651,40916,protein_coding
PCBP2_chr12_53452102_53481162_+_ENSG00000197111.16_ENSG00000197111.16.unspliced,3053,21360,221,19114,protein_coding
PCCB_chr3_136250340_136337896_+_ENSG00000114054.14_ENSG00000114054.14.unspliced,4463,54177,2880,48995,protein_coding
PCGF3-AS1_chr4_760202_781874_-_ENSG00000249592.8_ENSG00000249592.8.unspliced,4335,3460,3716,2170,lncRNA
PCGF6_chr10_103302796_103351144_-_ENSG00000156374.16_ENSG00000156374.16.unspliced,1545,19880,282,18041,protein_coding
PCID2_chr13_113177536_113208715_-_ENSG00000126226.22_ENSG00000126226.22.unspliced,2928,21981,2039,22605,protein_coding
PCIF1_chr20_45934683_45948023_+_ENSG00000100982.12_ENSG00000100982.12.unspliced,5393,2852,4292,1848,protein_coding
PCMT1_chr6_149749444_149811420_+_ENSG00000120265.21_ENSG00000120265.21.unspliced,3413,36761,1540,29147,protein_coding
PCMTD1_chr8_51817575_51899186_-_ENSG00000168300.14_ENSG00000168300.14.unspliced,2824,68145,1172,66529,protein_coding
PCSK7_chr11_117204337_117232525_-_ENSG00000160613.15_ENSG00000160613.15.unspliced,7550,7805,4623,3672,protein_coding
PCSK9_chr1_55039445_55064852_+_ENSG00000169174.13_ENSG00000169174.13.unspliced,17698,3904,13682,1343,protein_coding
PCYOX1L_chr5_149358037_149369653_+_ENSG00000145882.11_ENSG00000145882.11.unspliced,2287,4890,3827,542,protein_coding
PDAP1_chr7_99392048_99408597_-_ENSG00000106244.13_ENSG00000106244.13.unspliced,7252,1141,7344,321,protein_coding
PDCD11_chr10_103396626_103446294_+_ENSG00000148843.15_ENSG00000148843.15.unspliced,7690,23103,4656,18729,protein_coding
PDE3B_chr11_14643804_14872044_+_ENSG00000152270.9_ENSG00000152270.9.unspliced,6608,178969,2621,159956,protein_coding
PDE7A_chr8_65714334_65842322_-_ENSG00000205268.11_ENSG00000205268.11.unspliced,793,101682,1684,91845,protein_coding
PDE8A_chr15_84980440_85139145_+_ENSG00000073417.15_ENSG00000073417.15.unspliced,10606,113173,7407,96390,protein_coding
PDHX_chr11_34915829_35020591_+_ENSG00000110435.13_ENSG00000110435.13.unspliced,1078,90908,248,85584,protein_coding
PDIA4_chr7_149003062_149028662_-_ENSG00000155660.11_ENSG00000155660.11.unspliced,8238,8360,6471,2226,protein_coding
PDIA6_chr2_10783391_10837977_-_ENSG00000143870.13_ENSG00000143870.13.unspliced,9571,23402,5796,21726,protein_coding
PDLIM7_chr5_177483394_177497606_-_ENSG00000196923.14_ENSG00000196923.14.unspliced,8820,1663,4971,208,protein_coding
PDPR2P_chr16_74305126_74368276_-_ENSG00000290890.2_ENSG00000290890.2.unspliced,3132,21948,3314,18249,lncRNA
PDPR_chr16_70114332_70162537_+_ENSG00000090857.14_ENSG00000090857.14.unspliced,2456,19973,805,17121,protein_coding
PDRG1_chr20_31944337_31952046_-_ENSG00000088356.6_ENSG00000088356.6.unspliced,3931,2394,2225,459,protein_coding
PDSS1_chr10_26697701_26746798_+_ENSG00000148459.16_ENSG00000148459.16.unspliced,1607,29678,1374,25118,protein_coding
PDXK_chr21_43719094_43762307_+_ENSG00000160209.19_ENSG00000160209.19.unspliced,19730,7962,20235,425,protein_coding
PEDS1_chr20_50118254_50153734_-_ENSG00000240849.11_ENSG00000240849.11.unspliced,11982,5616,8172,2508,protein_coding
PEF1_chr1_31629866_31644896_-_ENSG00000162517.13_ENSG00000162517.13.unspliced,2361,6494,1926,2976,protein_coding
PES1_chr22_30576625_30607083_-_ENSG00000100029.18_ENSG00000100029.18.unspliced,11152,3423,6514,1321,protein_coding
PEX14_chr1_10472288_10630758_+_ENSG00000142655.13_ENSG00000142655.13.unspliced,18314,87580,13358,67747,protein_coding
PEX26_chr22_18077923_18105396_+_ENSG00000215193.14_ENSG00000215193.14.unspliced,3976,11680,2881,8470,protein_coding
PEX6_chr6_42963865_42979181_-_ENSG00000124587.14_ENSG00000124587.14.unspliced,3773,1909,4712,2152,protein_coding
PFAS_chr17_8247618_8270491_+_ENSG00000178921.14_ENSG00000178921.14.unspliced,9670,4794,6891,2204,protein_coding
PFDN6_chr6_33289302_33298401_+_ENSG00000204220.12_ENSG00000204220.12.unspliced,4334,1139,2644,713,protein_coding
PFKL_chr21_44300051_44327376_+_ENSG00000141959.17_ENSG00000141959.17.unspliced,16914,3182,16234,293,protein_coding
PFKP_chr10_3066333_3137718_+_ENSG00000067057.19_ENSG00000067057.19.unspliced,28634,24278,21233,19171,protein_coding
PGAM5_chr12_132710819_132722734_+_ENSG00000247077.8_ENSG00000247077.8.unspliced,4473,1783,3813,730,protein_coding
PGD_chr1_10398592_10420511_+_ENSG00000142657.21_ENSG00000142657.21.unspliced,2839,5745,3414,5253,protein_coding
PGPEP1_chr19_18340598_18369950_+_ENSG00000130517.14_ENSG00000130517.14.unspliced,6081,5579,3043,2737,protein_coding
PGS1_chr17_78378649_78425114_+_ENSG00000087157.19_ENSG00000087157.19.unspliced,18093,14243,13176,9444,protein_coding
PHB1_chr17_49404049_49414905_-_ENSG00000167085.14_ENSG00000167085.14.unspliced,2013,3364,1547,2053,protein_coding
PHC2-AS1_chr1_33350022_33363247_+_ENSG00000233246.2_ENSG00000233246.2.unspliced,1237,8678,286,6151,lncRNA
PHF12_chr17_28905250_28951771_-_ENSG00000109118.14_ENSG00000109118.14.unspliced,3375,21389,2556,18465,protein_coding
PHF13_chr1_6613731_6624030_+_ENSG00000116273.6_ENSG00000116273.6.unspliced,5176,2856,3784,722,protein_coding
PHF19_chr9_120855651_120894896_-_ENSG00000119403.15_ENSG00000119403.15.unspliced,12821,9937,9552,4419,protein_coding
PHF7_chr3_52410660_52423641_+_ENSG00000010318.22_ENSG00000010318.22.unspliced,1168,5552,1244,4554,protein_coding
PHKB_chr16_47461123_47701523_+_ENSG00000102893.18_ENSG00000102893.18.unspliced,3921,204696,2986,188089,protein_coding
PHKG2_chr16_30748293_30761176_+_ENSG00000156873.16_ENSG00000156873.16.unspliced,3613,2614,2550,1792,protein_coding
PHRF1_chr11_576470_612222_+_ENSG00000070047.13_ENSG00000070047.13.unspliced,18899,5586,15188,1821,protein_coding
PHTF2_chr7_77798773_77957503_+_ENSG00000006576.17_ENSG00000006576.17.unspliced,2845,120273,1440,108028,protein_coding
PHYKPL_chr5_178208471_178232802_-_ENSG00000175309.15_ENSG00000175309.15.unspliced,6833,7767,7767,3001,protein_coding
PI4KAP2_chr22_21473059_21488358_-_ENSG00000183506.18_ENSG00000183506.18.unspliced,7499,1407,5080,260,transcribed_unitary_pseudogene
PI4KA_chr22_20707691_20859417_-_ENSG00000241973.11_ENSG00000241973.11.unspliced,24481,58022,15298,42002,protein_coding
PIAS1_chr15_68054309_68198603_+_ENSG00000033800.14_ENSG00000033800.14.unspliced,4038,109116,2052,101252,protein_coding
PICALM_chr11_85957175_86069882_-_ENSG00000073921.18_ENSG00000073921.18.unspliced,1447,89714,218,82012,protein_coding
PIEZO1_chr16_88715338_88785220_-_ENSG00000103335.22_ENSG00000103335.22.unspliced,43578,11024,39069,613,protein_coding
PIGS_chr17_28553383_28571794_-_ENSG00000087111.22_ENSG00000087111.22.unspliced,3695,7014,2806,4844,protein_coding
PIK3CB_chr3_138652336_138834928_-_ENSG00000051382.10_ENSG00000051382.10.unspliced,3865,113636,1089,101962,protein_coding
PIN1_chr19_9835257_9849689_+_ENSG00000127445.14_ENSG00000127445.14.unspliced,7204,1351,6399,384,protein_coding
PINX1_chr8_10764961_10839884_-_ENSG00000254093.9_ENSG00000254093.9.unspliced,4607,61190,962,49917,protein_coding
PIP4K2A_chr10_22534854_22714578_-_ENSG00000150867.14_ENSG00000150867.14.unspliced,6028,134212,7687,121304,protein_coding
PIP5K1C_chr19_3630183_3700468_-_ENSG00000186111.11_ENSG00000186111.11.unspliced,41814,8599,35723,2594,protein_coding
PISD_chr22_31618491_31662221_-_ENSG00000241878.12_ENSG00000241878.12.unspliced,10166,12112,13543,8206,protein_coding
PITPNA_chr17_1517718_1562792_-_ENSG00000174238.16_ENSG00000174238.16.unspliced,10447,13368,7428,8374,protein_coding
PITRM1_chr10_3137728_3172841_-_ENSG00000107959.17_ENSG00000107959.17.unspliced,4126,20143,2629,19695,protein_coding
PJA2_chr5_109334713_109409974_-_ENSG00000198961.10_ENSG00000198961.10.unspliced,3911,59561,638,55933,protein_coding
PKLR_chr1_155289293_155301438_-_ENSG00000143627.19_ENSG00000143627.19.unspliced,4393,1463,2828,202,protein_coding
PKM_chr15_72199029_72231819_-_ENSG00000067225.21_ENSG00000067225.21.unspliced,5930,11846,3557,12331,protein_coding
PKN2_chr1_88684222_88836255_+_ENSG00000065243.20_ENSG00000065243.20.unspliced,981,126315,282,119414,protein_coding
PKP4_chr2_158456952_158682879_+_ENSG00000144283.23_ENSG00000144283.23.unspliced,4100,183183,4617,168090,protein_coding
PLCD1_chr3_38007496_38029642_-_ENSG00000187091.14_ENSG00000187091.14.unspliced,9364,6501,9266,2644,protein_coding
PLCL1_chr2_197804593_198572581_+_ENSG00000115896.17_ENSG00000115896.17.unspliced,10897,645850,3980,589295,protein_coding
PLEC_chr8_143915153_143976734_-_ENSG00000178209.17_ENSG00000178209.17.unspliced,43765,7253,34430,2381,protein_coding
PLEKHA5_chr12_19129669_19376400_+_ENSG00000052126.17_ENSG00000052126.17.unspliced,2823,176090,3381,162670,protein_coding
PLEKHB2_chr2_131104847_131353709_+_ENSG00000115762.17_ENSG00000115762.17.unspliced,27636,161492,18939,148547,protein_coding
PLEKHM2_chr1_15684320_15734769_+_ENSG00000116786.14_ENSG00000116786.14.unspliced,11290,11735,8606,7632,protein_coding
PLK1_chr16_23677656_23690367_+_ENSG00000166851.15_ENSG00000166851.15.unspliced,5944,2293,2289,1782,protein_coding
PLOD1_chr1_11934205_11975538_+_ENSG00000083444.17_ENSG00000083444.17.unspliced,13370,2817,11421,1025,protein_coding
PLTP_chr20_45898621_45912155_-_ENSG00000100979.15_ENSG00000100979.15.unspliced,5636,2557,2028,1235,protein_coding
PLXNA1_chr3_126982693_127037389_+_ENSG00000114554.12_ENSG00000114554.12.unspliced,36338,7894,33107,1015,protein_coding
PLXNB3-AS1_chrX_153735626_153766488_-_ENSG00000232725.2_ENSG00000232725.2.unspliced,9746,10280,10868,6995,lncRNA
PMF1-BGLAP_chr1_156212982_156243332_+_ENSG00000260238.6_ENSG00000260238.6.unspliced,5956,8150,3120,3884,protein_coding
PMPCA_chr9_136410630_136427992_+_ENSG00000165688.14_ENSG00000165688.14.unspliced,8630,6393,6842,1311,protein_coding
PMS2P3_chr7_75490413_75528172_-_ENSG00000291092.2_ENSG00000291092.2.unspliced,2502,14055,3304,10893,lncRNA
PNO1_chr2_68157888_68176238_+_ENSG00000115946.8_ENSG00000115946.8.unspliced,1292,12719,988,11830,protein_coding
PODXL2_chr3_127629185_127672802_+_ENSG00000114631.11_ENSG00000114631.11.unspliced,9333,16604,8046,12527,protein_coding
POFUT1_chr20_32207855_32238658_+_ENSG00000101346.15_ENSG00000101346.15.unspliced,2621,9536,3151,7223,protein_coding
POGK_chr1_166839447_166856359_+_ENSG00000143157.12_ENSG00000143157.12.unspliced,4571,9878,3190,9651,protein_coding
POLD1_chr19_50384204_50418018_+_ENSG00000062822.16_ENSG00000062822.16.unspliced,13498,4634,7968,1481,protein_coding
POLD2_chr7_44114631_44124358_-_ENSG00000106628.13_ENSG00000106628.13.unspliced,6009,2307,3421,355,protein_coding
POLDIP2_chr17_28346633_28357527_-_ENSG00000004142.12_ENSG00000004142.12.unspliced,4171,3070,2127,3403,protein_coding
POLDIP3_chr22_42583721_42614962_-_ENSG00000100227.19_ENSG00000100227.19.unspliced,5340,12611,3867,7164,protein_coding
POLE2_chr14_49643555_49688422_-_ENSG00000100479.14_ENSG00000100479.14.unspliced,1520,28469,307,25174,protein_coding
POLE_chr12_132623753_132687376_-_ENSG00000177084.19_ENSG00000177084.19.unspliced,20786,24464,18871,19278,protein_coding
POLG_chr15_89305198_89334861_-_ENSG00000140521.18_ENSG00000140521.18.unspliced,12366,12959,7288,8229,protein_coding
POLL_chr10_101578882_101588270_-_ENSG00000166169.17_ENSG00000166169.17.unspliced,3723,1744,2630,360,protein_coding
POLR1E_chr9_37485948_37503697_+_ENSG00000137054.16_ENSG00000137054.16.unspliced,611,9683,1052,6010,protein_coding
POLR2A_chr17_7484366_7514616_+_ENSG00000181222.19_ENSG00000181222.19.unspliced,10434,5739,8744,4238,protein_coding
POLR2C_chr16_57462660_57472009_+_ENSG00000102978.13_ENSG00000102978.13.unspliced,4760,4217,2299,4041,protein_coding
POLR2G_chr11_62761565_62766710_+_ENSG00000168002.12_ENSG00000168002.12.unspliced,962,1254,301,1464,protein_coding
POLR3A_chr10_77953148_78029522_-_ENSG00000148606.15_ENSG00000148606.15.unspliced,2593,38894,724,34626,protein_coding
POLR3E_chr16_22297375_22335101_+_ENSG00000058600.16_ENSG00000058600.16.unspliced,12206,14159,9206,7603,protein_coding
POLR3H_chr22_41525799_41544606_-_ENSG00000100413.17_ENSG00000100413.17.unspliced,8573,4321,6099,970,protein_coding
POLRMT_chr19_617221_633537_-_ENSG00000099821.14_ENSG00000099821.14.unspliced,11164,1459,10179,596,protein_coding
POM121C_chr7_75416786_75486299_-_ENSG00000272391.6_ENSG00000272391.6.unspliced,7617,34163,2933,27363,protein_coding
POM121_chr7_72879349_72951440_+_ENSG00000196313.13_ENSG00000196313.13.unspliced,12692,36382,4453,26457,protein_coding
POP4_chr19_29606283_29617237_+_ENSG00000105171.10_ENSG00000105171.10.unspliced,4493,4043,537,2134,protein_coding
PPARGC1B_chr5_149730298_149855022_+_ENSG00000155846.17_ENSG00000155846.17.unspliced,30676,50447,21406,28058,protein_coding
PPIL2_chr22_21666000_21700015_+_ENSG00000100023.20_ENSG00000100023.20.unspliced,12719,5227,9259,3143,protein_coding
PPIP5K2_chr5_103120149_103212799_+_ENSG00000145725.21_ENSG00000145725.21.unspliced,2144,79264,1294,74625,protein_coding
PPM1A_chr14_60245752_60299087_+_ENSG00000100614.18_ENSG00000100614.18.unspliced,2466,46412,1808,44373,protein_coding
PPM1F_chr22_21919425_21952848_-_ENSG00000100034.14_ENSG00000100034.14.unspliced,13427,4801,13091,2903,protein_coding
PPM1G_chr2_27381195_27409591_-_ENSG00000115241.11_ENSG00000115241.11.unspliced,3277,11155,933,9835,protein_coding
PPME1_chr11_74171267_74254703_+_ENSG00000214517.10_ENSG00000214517.10.unspliced,1607,62438,1177,55388,protein_coding
PPP1CC_chr12_110719680_110742939_-_ENSG00000186298.12_ENSG00000186298.12.unspliced,846,15414,1297,13527,protein_coding
PPP1R12C_chr19_55090914_55117637_-_ENSG00000125503.13_ENSG00000125503.13.unspliced,15446,4097,13696,2218,protein_coding
PPP1R16A_chr8_144477969_144502121_+_ENSG00000160972.10_ENSG00000160972.10.unspliced,7963,4484,7707,1511,protein_coding
PPP1R26_chr9_135479079_135488893_+_ENSG00000196422.11_ENSG00000196422.11.unspliced,6241,1634,4580,1002,protein_coding
PPP2CB_chr8_30774457_30814314_-_ENSG00000104695.13_ENSG00000104695.13.unspliced,2080,20941,1962,18768,protein_coding
PPP2R1A_chr19_52170936_52229518_+_ENSG00000105568.19_ENSG00000105568.19.unspliced,14626,27256,5818,12362,protein_coding
PPP2R1B_chr11_111726908_111766389_-_ENSG00000137713.16_ENSG00000137713.16.unspliced,6396,23422,4930,20582,protein_coding
PPP2R2D_chr10_131901008_131959834_+_ENSG00000175470.20_ENSG00000175470.20.unspliced,14169,35410,1877,18882,protein_coding
PPP2R5A_chr1_212285410_212361853_+_ENSG00000066027.12_ENSG00000066027.12.unspliced,6527,57029,569,52345,protein_coding
PPP2R5C_chr14_101761709_101927989_+_ENSG00000078304.20_ENSG00000078304.20.unspliced,17413,106447,13867,85814,protein_coding
PPP3CB_chr10_73436433_73496024_-_ENSG00000107758.16_ENSG00000107758.16.unspliced,1453,41287,203,36194,protein_coding
PPP4R1_chr18_9546791_9615240_-_ENSG00000154845.16_ENSG00000154845.16.unspliced,2464,56047,2201,50745,protein_coding
PPP5C_chr19_46347087_46392981_+_ENSG00000011485.15_ENSG00000011485.15.unspliced,17248,17404,14954,13271,protein_coding
PPP6R1_chr19_55229779_55259017_-_ENSG00000105063.19_ENSG00000105063.19.unspliced,15592,6895,12176,2654,protein_coding
PPP6R3_chr11_68460731_68615334_+_ENSG00000110075.15_ENSG00000110075.15.unspliced,4438,117092,3756,105268,protein_coding
PPRC1_chr10_102132994_102150333_+_ENSG00000148840.11_ENSG00000148840.11.unspliced,6571,4046,4599,1637,protein_coding
PPT2-EGFL8_chr6_32153845_32171978_+_ENSG00000258388.7_ENSG00000258388.7.unspliced,8497,3748,5495,2221,protein_coding
PRAME_chr22_22547701_22559361_-_ENSG00000185686.18_ENSG00000185686.18.unspliced,2247,2761,6140,2589,protein_coding
PRCC_chr1_156750610_156800815_+_ENSG00000143294.15_ENSG00000143294.15.unspliced,9973,18904,4258,15097,protein_coding
PRICKLE3_chrX_49174802_49186528_-_ENSG00000012211.13_ENSG00000012211.13.unspliced,4135,1574,3952,437,protein_coding
PRKAR2B_chr7_107044705_107161811_+_ENSG00000005249.14_ENSG00000005249.14.unspliced,1195,95227,794,89721,protein_coding
PRKCB_chr16_23835983_24220611_+_ENSG00000166501.14_ENSG00000166501.14.unspliced,23296,232809,14181,197259,protein_coding
PRKDC_chr8_47773111_47960178_-_ENSG00000253729.9_ENSG00000253729.9.unspliced,11365,127187,8751,107114,protein_coding
PRKRIP1_chr7_102363872_102426676_+_ENSG00000128563.13_ENSG00000128563.13.unspliced,6698,25603,2909,20296,protein_coding
PRMT3_chr11_20387558_20509338_+_ENSG00000185238.13_ENSG00000185238.13.unspliced,3180,105499,258,95739,protein_coding
PRMT5_chr14_22920525_22929408_-_ENSG00000100462.16_ENSG00000100462.16.unspliced,2305,4348,229,3533,protein_coding
PRMT7_chr16_68310951_68360852_+_ENSG00000132600.18_ENSG00000132600.18.unspliced,10816,18843,7779,15186,protein_coding
PROSER2-AS1_chr10_11849608_11902519_-_ENSG00000225778.6_ENSG00000225778.6.unspliced,12334,12887,8873,7661,lncRNA
PRPF19_chr11_60890547_60906585_-_ENSG00000110107.9_ENSG00000110107.9.unspliced,2348,12487,1800,8780,protein_coding
PRPF31_chr19_54115410_54131719_+_ENSG00000105618.14_ENSG00000105618.14.unspliced,8637,1612,6959,225,protein_coding
PRPF6_chr20_63981132_64033100_+_ENSG00000101161.8_ENSG00000101161.8.unspliced,11880,16105,8044,7763,protein_coding
PRPS2_chrX_12791355_12824222_+_ENSG00000101911.13_ENSG00000101911.13.unspliced,1571,23830,1790,22573,protein_coding
PRR5_chr22_44668547_44737681_+_ENSG00000186654.22_ENSG00000186654.22.unspliced,30613,9005,29243,3223,protein_coding
PRRC2C_chr1_171485530_171593511_+_ENSG00000117523.18_ENSG00000117523.18.unspliced,1947,85434,304,80998,protein_coding
PSAP_chr10_71816298_71851251_-_ENSG00000197746.15_ENSG00000197746.15.unspliced,9455,19464,4867,15089,protein_coding
PSAT1_chr9_78297125_78330093_+_ENSG00000135069.14_ENSG00000135069.14.unspliced,5051,20630,2847,13493,protein_coding
PSD4_chr2_113157325_113209396_+_ENSG00000125637.16_ENSG00000125637.16.unspliced,14013,14214,10483,6991,protein_coding
PSMB3_chr17_38752741_38764225_+_ENSG00000277791.5_ENSG00000277791.5.unspliced,1650,1792,303,1388,protein_coding
PSMB7_chr9_124353465_124415444_-_ENSG00000136930.13_ENSG00000136930.13.unspliced,6353,49815,3863,42749,protein_coding
PSMC1_chr14_90256527_90275429_+_ENSG00000100764.14_ENSG00000100764.14.unspliced,2491,8410,2022,10180,protein_coding
PSMC4_chr19_39971165_39981764_+_ENSG00000013275.8_ENSG00000013275.8.unspliced,3399,1974,3116,1803,protein_coding
PSMD2_chr3_184299198_184309050_+_ENSG00000175166.17_ENSG00000175166.17.unspliced,1275,4935,397,5042,protein_coding
PSMD4_chr1_151254709_151267479_+_ENSG00000159352.16_ENSG00000159352.16.unspliced,2152,3503,386,4110,protein_coding
PSMD9_chr12_121888732_121918297_+_ENSG00000110801.14_ENSG00000110801.14.unspliced,4388,11005,715,6141,protein_coding
PSMG4_chr6_3231403_3303373_+_ENSG00000180822.12_ENSG00000180822.12.unspliced,23555,24837,13599,13230,protein_coding
PSPC1_chr13_19674752_19783019_-_ENSG00000121390.19_ENSG00000121390.19.unspliced,4068,67967,227,67730,protein_coding
PTDSS2_chr11_448268_491399_+_ENSG00000174915.12_ENSG00000174915.12.unspliced,24527,10557,17002,6113,protein_coding
PTEN_chr10_87862638_87971930_+_ENSG00000171862.16_ENSG00000171862.16.unspliced,2630,95852,2214,88292,protein_coding
PTER_chr10_16436943_16513745_+_ENSG00000165983.15_ENSG00000165983.15.unspliced,812,55995,1061,50486,protein_coding
PTGR3_chr18_75195113_75209139_-_ENSG00000180011.7_ENSG00000180011.7.unspliced,2233,7399,4132,6457,protein_coding
PTP4A3_chr8_141391995_141432454_+_ENSG00000184489.13_ENSG00000184489.13.unspliced,28498,3479,25213,754,protein_coding
PTPA_chr9_129110950_129148946_+_ENSG00000119383.21_ENSG00000119383.21.unspliced,12363,6718,7573,3643,protein_coding
PTPN11_chr12_112418351_112509918_+_ENSG00000179295.19_ENSG00000179295.19.unspliced,6090,48580,862,43362,protein_coding
PTPN18_chr2_130356045_130375405_+_ENSG00000072135.13_ENSG00000072135.13.unspliced,5122,10268,3390,7637,protein_coding
PTPN1_chr20_50510321_50585241_+_ENSG00000196396.10_ENSG00000196396.10.unspliced,6624,49805,4108,41901,protein_coding
PTPRH_chr19_55181247_55209506_-_ENSG00000080031.10_ENSG00000080031.10.unspliced,9286,2034,4544,1657,protein_coding
PTPRVP_chr1_202168051_202189296_+_ENSG00000243323.8_ENSG00000243323.8.unspliced,12025,3900,8611,234,transcribed_unitary_pseudogene
PTPRVP_chr1_202168051_202189455_+_ENSG00000293457.2_ENSG00000293457.2.unspliced,12052,3900,8770,234,lncRNA
PTTG1IP_chr21_44849585_44873903_-_ENSG00000183255.12_ENSG00000183255.12.unspliced,9519,12976,5801,7088,protein_coding
PUM1_chr1_30931506_31065991_-_ENSG00000134644.16_ENSG00000134644.16.unspliced,3583,94052,1365,85529,protein_coding
PUM2_chr2_20248691_20352234_-_ENSG00000055917.17_ENSG00000055917.17.unspliced,2600,82764,447,78979,protein_coding
PUM3_chr9_2720469_2844095_-_ENSG00000080608.10_ENSG00000080608.10.unspliced,225,107127,268,94829,protein_coding
PURA_chr5_140107777_140125619_+_ENSG00000185129.8_ENSG00000185129.8.unspliced,5300,14160,3204,12794,protein_coding
PURPL_chr5_27217714_27497871_+_ENSG00000250337.11_ENSG00000250337.11.unspliced,2012,232653,1850,211130,lncRNA
PUS1_chr12_131929200_131945896_+_ENSG00000177192.14_ENSG00000177192.14.unspliced,6444,4640,2406,2095,protein_coding
PWWP3A_chr19_1354711_1378431_+_ENSG00000160953.17_ENSG00000160953.17.unspliced,11877,4680,8776,1864,protein_coding
PYGO2_chr1_154957026_154963853_-_ENSG00000163348.4_ENSG00000163348.4.unspliced,4102,1603,3355,741,protein_coding
QSOX1_chr1_180154869_180204030_+_ENSG00000116260.17_ENSG00000116260.17.unspliced,17635,15920,12976,7596,protein_coding
QSOX2_chr9_136206333_136245812_-_ENSG00000165661.18_ENSG00000165661.18.unspliced,22605,14499,19144,2003,protein_coding
QTRT1_chr19_10701430_10713437_+_ENSG00000213339.9_ENSG00000213339.9.unspliced,3367,1170,896,532,protein_coding
R3HDM1_chr2_135531455_135725270_+_ENSG00000048991.18_ENSG00000048991.18.unspliced,1426,143812,201,134686,protein_coding
RAB11FIP1_chr8_37858618_37899497_-_ENSG00000156675.16_ENSG00000156675.16.unspliced,3680,16180,1848,13864,protein_coding
RAB14_chr9_121178133_121223014_-_ENSG00000119396.12_ENSG00000119396.12.unspliced,3516,33892,1586,32743,protein_coding
RAB1A_chr2_65070696_65130331_-_ENSG00000138069.18_ENSG00000138069.18.unspliced,2042,31802,1429,25949,protein_coding
RAB27A_chr15_55202966_55319113_-_ENSG00000069974.17_ENSG00000069974.17.unspliced,5537,81674,2702,72517,protein_coding
RAB28_chr4_13361354_13484365_-_ENSG00000157869.16_ENSG00000157869.16.unspliced,3807,106564,2519,101136,protein_coding
RAB35_chr12_120095099_120117502_-_ENSG00000111737.12_ENSG00000111737.12.unspliced,12254,2891,10377,840,protein_coding
RAB3GAP1_chr2_135052289_135176667_+_ENSG00000115839.20_ENSG00000115839.20.unspliced,3104,95239,2821,88681,protein_coding
RAB40C_chr16_589357_629272_+_ENSG00000197562.10_ENSG00000197562.10.unspliced,18318,6912,17766,2044,protein_coding
RAB4A_chr1_229271062_229305894_+_ENSG00000168118.12_ENSG00000168118.12.unspliced,2607,23457,2883,20513,protein_coding
RAB5IF_chr20_36605779_36612557_+_ENSG00000101084.19_ENSG00000101084.19.unspliced,1063,3033,299,2024,protein_coding
RAB8A_chr19_16111889_16134234_+_ENSG00000167461.12_ENSG00000167461.12.unspliced,8473,3637,6022,1069,protein_coding
RABGEF1P1_chr7_66512393_66592448_-_ENSG00000291136.2_ENSG00000291136.2.unspliced,13961,25598,8105,20342,lncRNA
RABIF_chr1_202878282_202889149_-_ENSG00000183155.5_ENSG00000183155.5.unspliced,1314,6456,1217,5847,protein_coding
RABL6_chr9_136807943_136841187_+_ENSG00000196642.19_ENSG00000196642.19.unspliced,15883,4950,12839,1144,protein_coding
RAC1_chr7_6374527_6403967_+_ENSG00000136238.20_ENSG00000136238.20.unspliced,2354,14345,1749,12850,protein_coding
RACGAP1_chr12_49976923_50033136_-_ENSG00000161800.13_ENSG00000161800.13.unspliced,3307,31820,562,27444,protein_coding
RAD54L_chr1_46246461_46278480_+_ENSG00000085999.13_ENSG00000085999.13.unspliced,5137,15130,4963,9505,protein_coding
RAF1_chr3_12582101_12664201_-_ENSG00000132155.14_ENSG00000132155.14.unspliced,3949,44654,1768,40889,protein_coding
RANBP3_chr19_5916139_5978142_-_ENSG00000031823.14_ENSG00000031823.14.unspliced,27436,21942,18825,6738,protein_coding
RANGAP1_chr22_41244779_41286187_-_ENSG00000100401.21_ENSG00000100401.21.unspliced,12549,7847,12264,3843,protein_coding
RAVER1_chr19_10316212_10333529_-_ENSG00000161847.15_ENSG00000161847.15.unspliced,7822,1311,4687,234,protein_coding
RB1CC1_chr8_52622458_52745843_-_ENSG00000023287.13_ENSG00000023287.13.unspliced,926,95575,2876,86801,protein_coding
RBCK1_chr20_407498_432139_+_ENSG00000125826.22_ENSG00000125826.22.unspliced,7389,8450,5223,7221,protein_coding
RBFA_chr18_80034389_80050651_+_ENSG00000101546.13_ENSG00000101546.13.unspliced,4111,7458,1284,6463,protein_coding
RBL1_chr20_36996349_37095997_-_ENSG00000080839.12_ENSG00000080839.12.unspliced,6676,48875,765,44420,protein_coding
RBM10_chrX_47145221_47186813_+_ENSG00000182872.16_ENSG00000182872.16.unspliced,12081,12308,12343,8421,protein_coding
RBM14-RBM4_chr11_66616626_66646469_+_ENSG00000248643.5_ENSG00000248643.5.unspliced,6582,18565,4108,12117,protein_coding
RBM14_chr11_66616626_66629934_+_ENSG00000239306.5_ENSG00000239306.5.unspliced,5455,7591,3902,4230,protein_coding
RBM27_chr5_146203605_146289223_+_ENSG00000091009.8_ENSG00000091009.8.unspliced,905,57821,367,53857,protein_coding
RBM33_chr7_155644451_155781485_+_ENSG00000184863.11_ENSG00000184863.11.unspliced,5828,119508,1253,103891,protein_coding
RC3H2_chr9_122844556_122905359_-_ENSG00000056586.16_ENSG00000056586.16.unspliced,5192,42588,1018,37770,protein_coding
RCC1L_chr7_75027122_75074228_-_ENSG00000274523.5_ENSG00000274523.5.unspliced,12005,7701,4707,3119,protein_coding
RCC2_chr1_17406760_17439677_-_ENSG00000179051.14_ENSG00000179051.14.unspliced,9224,11072,10771,2824,protein_coding
RCL1_chr9_4792944_4885917_+_ENSG00000120158.12_ENSG00000120158.12.unspliced,7689,68165,5013,59802,protein_coding
RCOR1_chr14_102592649_102730561_+_ENSG00000089902.10_ENSG00000089902.10.unspliced,10818,85238,1773,75347,protein_coding
RCSD1_chr1_167630093_167708696_+_ENSG00000198771.11_ENSG00000198771.11.unspliced,7581,33176,1956,25025,protein_coding
RDH13_chr19_55039108_55071291_-_ENSG00000160439.16_ENSG00000160439.16.unspliced,7972,4273,3338,2049,protein_coding
RETSAT_chr2_85341955_85354531_-_ENSG00000042445.14_ENSG00000042445.14.unspliced,4077,2587,834,1062,protein_coding
REV3L_chr6_111299028_111483715_-_ENSG00000009413.17_ENSG00000009413.17.unspliced,2484,148647,2033,137931,protein_coding
REXO4_chr9_133406059_133418096_-_ENSG00000148300.12_ENSG00000148300.12.unspliced,3864,2364,4760,1042,protein_coding
RFC2_chr7_74231499_74254458_-_ENSG00000049541.11_ENSG00000049541.11.unspliced,2701,5651,1657,4476,protein_coding
RFC3_chr13_33818069_33966558_+_ENSG00000133119.13_ENSG00000133119.13.unspliced,685,124220,1420,115677,protein_coding
RFWD3_chr16_74621399_74666877_-_ENSG00000168411.14_ENSG00000168411.14.unspliced,3106,25570,341,23227,protein_coding
RFX7_chr15_56087280_56245082_-_ENSG00000181827.16_ENSG00000181827.16.unspliced,5152,125136,796,115705,protein_coding
RGL2_chr6_33291654_33298942_-_ENSG00000237441.10_ENSG00000237441.10.unspliced,5003,1169,2860,651,protein_coding
RHBDD1_chr2_226835581_226999215_+_ENSG00000144468.17_ENSG00000144468.17.unspliced,3475,134970,1558,122472,protein_coding
RHEB_chr7_151466012_151520120_-_ENSG00000106615.10_ENSG00000106615.10.unspliced,5982,41412,3158,38683,protein_coding
RHOH_chr4_40191011_40246967_+_ENSG00000168421.14_ENSG00000168421.14.unspliced,1999,34186,742,29282,protein_coding
RILPL1_chr12_123470054_123533719_-_ENSG00000188026.13_ENSG00000188026.13.unspliced,14106,10996,7138,5515,protein_coding
RIPK1_chr6_3063824_3115187_+_ENSG00000137275.16_ENSG00000137275.16.unspliced,5395,27944,2517,24795,protein_coding
RIPOR3_chr20_50586108_50691542_-_ENSG00000042062.13_ENSG00000042062.13.unspliced,26529,22338,23068,12611,protein_coding
RMDN3_chr15_40735884_40755851_-_ENSG00000137824.16_ENSG00000137824.16.unspliced,3654,9377,2801,5042,protein_coding
RMND5B_chr5_178130996_178150568_+_ENSG00000145916.19_ENSG00000145916.19.unspliced,1935,6902,6200,3684,protein_coding
RNASET2_chr6_166922113_166957191_-_ENSG00000026297.17_ENSG00000026297.17.unspliced,9336,16765,7133,11443,protein_coding
RNF10_chr12_120533480_120577588_+_ENSG00000022840.17_ENSG00000022840.17.unspliced,2553,21926,507,18702,protein_coding
RNF123_chr3_49689538_49721529_+_ENSG00000164068.16_ENSG00000164068.16.unspliced,15218,5988,13829,3821,protein_coding
RNF187_chr1_228487382_228499899_+_ENSG00000168159.15_ENSG00000168159.15.unspliced,4409,5283,4113,3581,protein_coding
RNF207_chr1_6205475_6221299_+_ENSG00000158286.13_ENSG00000158286.13.unspliced,7576,1893,6949,310,protein_coding
RNF216_chr7_5620047_5781696_-_ENSG00000011275.19_ENSG00000011275.19.unspliced,10423,79291,9689,62362,protein_coding
RNF24_chr20_3927309_4015558_-_ENSG00000101236.17_ENSG00000101236.17.unspliced,1844,54548,2480,47699,protein_coding
RNF25_chr2_218663892_218672002_-_ENSG00000163481.8_ENSG00000163481.8.unspliced,1208,2559,525,1275,protein_coding
RNF4_chr4_2462220_2515857_+_ENSG00000063978.17_ENSG00000063978.17.unspliced,9292,19771,10803,9528,protein_coding
RNF8_chr6_37353979_37394734_+_ENSG00000112130.17_ENSG00000112130.17.unspliced,4996,23087,1706,19479,protein_coding
RNH1_chr11_494512_507300_-_ENSG00000023191.17_ENSG00000023191.17.unspliced,7855,3643,6676,605,protein_coding
RNPEP_chr1_201982372_202006147_+_ENSG00000176393.11_ENSG00000176393.11.unspliced,4061,6336,2047,5451,protein_coding
RNPS1_chr16_2253116_2268397_-_ENSG00000205937.12_ENSG00000205937.12.unspliced,3432,5193,2802,4871,protein_coding
RP9P_chr7_32916810_32943176_-_ENSG00000291146.2_ENSG00000291146.2.unspliced,2370,14032,1192,12850,lncRNA
RP9_chr7_33094797_33109405_-_ENSG00000164610.10_ENST00000682645.1,204,1354,447,1291,protein_coding
RPL10_chrX_154389955_154409168_+_ENSG00000147403.18_ENSG00000147403.18.unspliced,8501,3082,2073,1385,protein_coding
RPL22_chr1_6185020_6209389_-_ENSG00000116251.11_ENSG00000116251.11.unspliced,7903,6184,1767,5721,protein_coding
RPL27A_chr11_8682788_8714759_+_ENSG00000166441.13_ENSG00000166441.13.unspliced,7013,11474,3261,7457,protein_coding
RPL7L1_chr6_42879616_42889925_+_ENSG00000146223.16_ENSG00000146223.16.unspliced,2367,4821,819,2562,protein_coding
RPLP2_chr11_805438_812883_+_ENSG00000177600.10_ENSG00000177600.10.unspliced,3675,1436,3452,250,protein_coding
RPN2_chr20_37178410_37241619_+_ENSG00000118705.18_ENSG00000118705.18.unspliced,5406,37412,1019,32299,protein_coding
RPP30_chr10_90871952_90908553_+_ENSG00000148688.14_ENSG00000148688.14.unspliced,1269,30472,254,28244,protein_coding
RPRD1B_chr20_38033725_38127780_+_ENSG00000101413.12_ENSG00000101413.12.unspliced,2449,61478,2065,56493,protein_coding
RPS24_chr10_78033760_78056813_+_ENSG00000138326.21_ENSG00000138326.21.unspliced,5569,11527,1048,10197,protein_coding
RPS5_chr19_58386400_58394806_+_ENSG00000083845.9_ENSG00000083845.9.unspliced,2726,1586,862,1080,protein_coding
RPS6KA1_chr1_26529761_26575030_+_ENSG00000117676.14_ENSG00000117676.14.unspliced,17853,9183,11046,4882,protein_coding
RPS6KA4_chr11_64359148_64372215_+_ENSG00000162302.13_ENSG00000162302.13.unspliced,6778,2033,5008,1946,protein_coding
RPS6KC1_chr1_213051233_213274774_+_ENSG00000136643.12_ENSG00000136643.12.unspliced,7162,181097,2344,167183,protein_coding
RPS6KL1_chr14_74903951_74923302_-_ENSG00000198208.12_ENSG00000198208.12.unspliced,6883,2530,6704,530,protein_coding
RPS9_chr19_54200809_54249003_+_ENSG00000170889.14_ENSG00000170889.14.unspliced,13624,13353,10674,9762,protein_coding
RPSA_chr3_39406716_39426255_+_ENSG00000168028.15_ENSG00000168028.15.unspliced,2358,12602,402,10593,protein_coding
RPUSD2_chr15_40569299_40574949_+_ENSG00000166133.18_ENSG00000166133.18.unspliced,1235,2308,1016,2387,protein_coding
RPUSD3_chr3_9837849_9844602_-_ENSG00000156990.14_ENSG00000156990.14.unspliced,3615,1214,1438,718,protein_coding
RREB1_chr6_7107597_7251980_+_ENSG00000124782.21_ENSG00000124782.21.unspliced,26744,81092,17943,71832,protein_coding
RRM2_chr2_10120698_10211725_+_ENSG00000171848.16_ENSG00000171848.16.unspliced,28073,26286,22191,17925,protein_coding
RRN3P3_chr16_22418672_22437715_-_ENSG00000290865.1_ENSG00000290865.1.unspliced,3937,8144,3724,5133,lncRNA
RRP1B_chr21_43659560_43696079_+_ENSG00000160208.13_ENSG00000160208.13.unspliced,4690,17237,4045,11801,protein_coding
RRP1_chr21_43789513_43805293_+_ENSG00000160214.13_ENSG00000160214.13.unspliced,11097,2815,8766,650,protein_coding
RRP7BP_chr22_42555212_42582039_-_ENSG00000291035.2_ENSG00000291035.2.unspliced,9770,1850,9518,579,lncRNA
RRP9_chr3_51933429_51941904_-_ENSG00000114767.7_ENSG00000114767.7.unspliced,5638,2299,2593,1682,protein_coding
RSAD1_chr17_50478860_50485974_+_ENSG00000136444.10_ENSG00000136444.10.unspliced,1713,1911,1296,1199,protein_coding
RSBN1L_chr7_77696459_77783022_+_ENSG00000187257.16_ENSG00000187257.16.unspliced,2013,60612,625,55821,protein_coding
RSF1_chr11_77660009_77820869_-_ENSG00000048649.14_ENSG00000048649.14.unspliced,5222,115168,1131,106463,protein_coding
RSL1D1_chr16_11833850_11851580_-_ENSG00000171490.13_ENSG00000171490.13.unspliced,806,7846,809,5114,protein_coding
RUSC1_chr1_155320894_155331114_+_ENSG00000160753.17_ENSG00000160753.17.unspliced,4913,1663,2674,469,protein_coding
RUSF1_chr16_31489471_31509309_-_ENSG00000140688.18_ENSG00000140688.18.unspliced,3252,6647,2851,4317,protein_coding
RUVBL2_chr19_48993562_49015970_+_ENSG00000183207.15_ENSG00000183207.15.unspliced,8896,2327,6442,695,protein_coding
RWDD3_chr1_95234210_95247225_+_ENSG00000122481.17_ENSG00000122481.17.unspliced,729,9349,1118,7868,protein_coding
S100A13_chr1_153618779_153634412_-_ENSG00000189171.16_ENSG00000189171.16.unspliced,4547,4908,2699,1662,protein_coding
SACM1L_chr3_45689056_45745412_+_ENSG00000211456.14_ENSG00000211456.14.unspliced,2819,49343,394,45096,protein_coding
SAE1_chr19_47113274_47210636_+_ENSG00000142230.13_ENSG00000142230.13.unspliced,6700,36988,2310,26399,protein_coding
SAFB2_chr19_5586981_5624046_-_ENSG00000130254.13_ENSG00000130254.13.unspliced,11556,16965,6488,12655,protein_coding
SAFB_chr19_5623035_5668478_+_ENSG00000160633.13_ENSG00000160633.13.unspliced,7273,17327,4830,15866,protein_coding
SARS2_chr19_38915266_38930763_-_ENSG00000104835.15_ENSG00000104835.15.unspliced,5322,1977,3728,1122,protein_coding
SART3_chr12_108522214_108561400_-_ENSG00000075856.12_ENSG00000075856.12.unspliced,3744,26272,2926,23613,protein_coding
SATB2-AS1_chr2_199457671_199477035_+_ENSG00000225953.6_ENSG00000225953.6.unspliced,12358,3573,7233,2951,lncRNA
SATB2_chr2_199269505_199471266_-_ENSG00000119042.18_ENSG00000119042.18.unspliced,15014,163522,8252,154454,protein_coding
SBNO1_chr12_123289109_123364847_-_ENSG00000139697.14_ENSG00000139697.14.unspliced,1732,43773,246,36143,protein_coding
SCAF1_chr19_49642209_49658642_+_ENSG00000126461.15_ENSG00000126461.15.unspliced,8957,2882,5022,2896,protein_coding
SCAF4_chr21_31671000_31732118_-_ENSG00000156304.15_ENSG00000156304.15.unspliced,1922,49284,464,44729,protein_coding
SCAP_chr3_47413681_47477126_-_ENSG00000114650.21_ENSG00000114650.21.unspliced,13627,22110,5548,15306,protein_coding
SCARB1_chr12_124776856_124882668_-_ENSG00000073060.17_ENSG00000073060.17.unspliced,36216,37785,25971,16661,protein_coding
SCLT1_chr4_128864921_129093600_-_ENSG00000151466.12_ENSG00000151466.12.unspliced,1705,176746,534,159822,protein_coding
SCMH1_chr1_41027202_41242306_-_ENSG00000010803.17_ENSG00000010803.17.unspliced,4021,161862,3562,143777,protein_coding
SCRIB_chr8_143790920_143815773_-_ENSG00000180900.20_ENSG00000180900.20.unspliced,15092,3830,13825,288,protein_coding
SCYL2_chr12_100267140_100341715_+_ENSG00000136021.19_ENSG00000136021.19.unspliced,4540,58906,1809,54723,protein_coding
SDC3_chr1_30869466_30908758_-_ENSG00000162512.16_ENSG00000162512.16.unspliced,20408,6471,16004,3075,protein_coding
SDCBP_chr8_58552924_58582859_+_ENSG00000137575.12_ENSG00000137575.12.unspliced,1506,25643,955,23542,protein_coding
SDF2_chr17_28648346_28662189_-_ENSG00000132581.10_ENSG00000132581.10.unspliced,2356,5189,242,4608,protein_coding
SDHAP1_chr3_195959281_195990325_-_ENSG00000290763.2_ENSG00000290763.2.unspliced,4466,16030,4792,12685,lncRNA
SDHAP2_chr3_195658096_195685904_+_ENSG00000215837.7_ENSG00000215837.7.unspliced,1906,14178,9779,8370,transcribed_unprocessed_pseudogene
SDHA_chr5_218303_257082_+_ENSG00000073578.18_ENSG00000073578.18.unspliced,5262,23490,1458,15223,protein_coding
SDHB_chr1_17018664_17054151_-_ENSG00000117118.12_ENSG00000117118.12.unspliced,2957,16585,642,13913,protein_coding
SEC16A_chr9_136440096_136483759_-_ENSG00000148396.19_ENSG00000148396.19.unspliced,19949,14099,10264,4368,protein_coding
SEC22C_chr3_42547969_42601080_-_ENSG00000093183.14_ENSG00000093183.14.unspliced,2762,32090,3162,31470,protein_coding
SEC61A1_chr3_128051641_128071705_+_ENSG00000058262.11_ENSG00000058262.11.unspliced,4268,11153,6562,8940,protein_coding
SEC63_chr6_107867756_107958208_-_ENSG00000025796.14_ENSG00000025796.14.unspliced,5075,66742,1442,56499,protein_coding
SECISBP2_chr9_89318500_89359663_+_ENSG00000187742.15_ENSG00000187742.15.unspliced,2822,28732,2283,24157,protein_coding
SEH1L_chr18_12947133_12987536_+_ENSG00000085415.16_ENSG00000085415.16.unspliced,5481,24497,3071,21678,protein_coding
SELENON_chr1_25800193_25818221_+_ENSG00000162430.18_ENSG00000162430.18.unspliced,9119,2868,4669,941,protein_coding
SELENOO_chr22_50201011_50217616_+_ENSG00000073169.15_ENSG00000073169.15.unspliced,7713,4046,6171,2314,protein_coding
SEMA4B_chr15_90160604_90229679_+_ENSG00000185033.15_ENSG00000185033.15.unspliced,16559,14211,11898,9143,protein_coding
SENP3_chr17_7561919_7571969_+_ENSG00000161956.14_ENSG00000161956.14.unspliced,2792,3458,3268,3207,protein_coding
SEPTIN7P13_chr1_223992689_224034952_+_ENSG00000290989.2_ENSG00000290989.2.unspliced,1723,27391,381,26899,lncRNA
SERHL2_chr22_42553617_42574382_+_ENSG00000183569.18_ENSG00000183569.18.unspliced,9187,1762,5516,1658,protein_coding
SERPINB6_chr6_2948159_2972165_-_ENSG00000124570.21_ENSG00000124570.21.unspliced,7671,12710,1968,8236,protein_coding
SERPINB9_chr6_2887173_2903309_-_ENSG00000170542.7_ENSG00000170542.7.unspliced,1660,10140,1978,7587,protein_coding
SERPINH1_chr11_75562056_75572783_+_ENSG00000149257.16_ENSG00000149257.16.unspliced,4351,2299,4094,1268,protein_coding
SESN2_chr1_28259518_28282491_+_ENSG00000130766.5_ENSG00000130766.5.unspliced,4902,9508,2375,5733,protein_coding
SETD1B_chr12_121804009_121832656_+_ENSG00000139718.12_ENSG00000139718.12.unspliced,15272,3012,10737,862,protein_coding
SETX_chr9_132261356_132354986_-_ENSG00000107290.14_ENSG00000107290.14.unspliced,3306,64002,901,58684,protein_coding
SF1_chr11_64764606_64778786_-_ENSG00000168066.22_ENSG00000168066.22.unspliced,3076,7401,2825,6116,protein_coding
SF3A2_chr19_2236824_2248655_+_ENSG00000104897.10_ENSG00000104897.10.unspliced,7122,3893,5350,1216,protein_coding
SF3B2_chr11_66050729_66069308_+_ENSG00000087365.16_ENSG00000087365.16.unspliced,3586,7817,981,5089,protein_coding
SF3B3_chr16_70523791_70577670_+_ENSG00000189091.13_ENSG00000189091.13.unspliced,2286,34225,1194,30606,protein_coding
SFSWAP_chr12_131711081_131799738_+_ENSG00000061936.10_ENSG00000061936.10.unspliced,13252,48691,11717,34281,protein_coding
SFT2D1_chr6_166319728_166342576_-_ENSG00000198818.10_ENSG00000198818.10.unspliced,3247,14434,2797,11750,protein_coding
SFXN4_chr10_119140767_119165714_-_ENSG00000183605.17_ENSG00000183605.17.unspliced,2585,8853,481,5474,protein_coding
SGMS1_chr10_50305586_50625163_-_ENSG00000198964.14_ENSG00000198964.14.unspliced,8895,274147,5184,256735,protein_coding
SGTA_chr19_2754715_2783362_-_ENSG00000104969.11_ENSG00000104969.11.unspliced,13007,6695,10657,1297,protein_coding
SH2B3_chr12_111405923_111451623_+_ENSG00000111252.11_ENSG00000111252.11.unspliced,14277,9927,14183,5990,protein_coding
SH3BP5L_chr1_248810446_248825915_-_ENSG00000175137.11_ENSG00000175137.11.unspliced,7636,8476,6211,2443,protein_coding
SH3GL1_chr19_4360370_4400547_-_ENSG00000141985.9_ENSG00000141985.9.unspliced,19525,3961,16998,1047,protein_coding
SH3GLB2_chr9_129007036_129028331_-_ENSG00000148341.18_ENSG00000148341.18.unspliced,8879,4287,6293,2187,protein_coding
SHC1_chr1_154962298_154974395_-_ENSG00000160691.19_ENSG00000160691.19.unspliced,5389,1774,2157,422,protein_coding
SIN3A_chr15_75369379_75455842_-_ENSG00000169375.17_ENSG00000169375.17.unspliced,6787,49533,5755,41050,protein_coding
SINHCAF_chr12_31280584_31327058_-_ENSG00000139146.14_ENSG00000139146.14.unspliced,3420,30503,3219,24827,protein_coding
SKI_chr1_2227388_2310213_+_ENSG00000157933.11_ENSG00000157933.11.unspliced,47792,20031,44903,7513,protein_coding
SLC12A2-DT_chr5_127939152_128083974_-_ENSG00000245937.11_ENSG00000245937.11.unspliced,2427,121339,2237,112218,lncRNA
SLC12A4_chr16_67943474_67969601_-_ENSG00000124067.17_ENSG00000124067.17.unspliced,13299,3044,11312,1767,protein_coding
SLC1A4_chr2_64988477_65023865_+_ENSG00000115902.11_ENSG00000115902.11.unspliced,4840,19011,3474,11348,protein_coding
SLC1A5_chr19_46774883_46788594_-_ENSG00000105281.13_ENSG00000105281.13.unspliced,7288,3058,5026,546,protein_coding
SLC20A2_chr8_42416475_42541926_-_ENSG00000168575.11_ENSG00000168575.11.unspliced,8364,65216,4454,56590,protein_coding
SLC22A18_chr11_2899721_2925246_+_ENSG00000110628.16_ENSG00000110628.16.unspliced,16004,1749,12111,520,protein_coding
SLC22A4_chr5_132294394_132344190_+_ENSG00000197208.6_ENSG00000197208.6.unspliced,6199,28110,5678,18199,protein_coding
SLC22A5_chr5_132369710_132395613_+_ENSG00000197375.14_ENSG00000197375.14.unspliced,6628,12918,4494,7621,protein_coding
SLC25A13_chr7_96120220_96322147_-_ENSG00000004864.14_ENSG00000004864.14.unspliced,2554,166833,2400,152324,protein_coding
SLC25A19_chr17_75272981_75289510_-_ENSG00000125454.12_ENSG00000125454.12.unspliced,4152,2672,2939,843,protein_coding
SLC25A21_chr14_36677921_37172606_-_ENSG00000183032.12_ENSG00000183032.12.unspliced,3420,403415,2175,366746,protein_coding
SLC25A25_chr9_128068201_128109245_+_ENSG00000148339.13_ENSG00000148339.13.unspliced,10518,14217,8823,9484,protein_coding
SLC25A37_chr8_23528956_23575463_+_ENSG00000147454.14_ENSG00000147454.14.unspliced,11540,21234,7594,14477,protein_coding
SLC25A38_chr3_39383370_39397351_+_ENSG00000144659.13_ENSG00000144659.13.unspliced,2135,8335,224,6524,protein_coding
SLC25A44_chr1_156193932_156212796_+_ENSG00000160785.14_ENSG00000160785.14.unspliced,3437,7529,397,4202,protein_coding
SLC25A44_chr1_156193932_156212796_+_ENSG00000160785.14_ENST00000469537.1,1886,2371,1529,693,protein_coding
SLC26A1_chr4_979073_993440_-_ENSG00000145217.14_ENSG00000145217.14.unspliced,8516,1123,8849,935,protein_coding
SLC27A5_chr19_58479512_58512413_-_ENSG00000083807.10_ENSG00000083807.10.unspliced,7793,5560,6153,3555,protein_coding
SLC29A1_chr6_44219553_44234142_+_ENSG00000112759.19_ENSG00000112759.19.unspliced,7962,1792,5449,223,protein_coding
SLC2A1_chr1_42925353_42958893_-_ENSG00000117394.24_ENSG00000117394.24.unspliced,14298,7841,8128,1778,protein_coding
SLC30A9_chr4_41990502_42090461_+_ENSG00000014824.14_ENSG00000014824.14.unspliced,2740,69811,306,66788,protein_coding
SLC35A2_chrX_48903180_48911958_-_ENSG00000102100.16_ENSG00000102100.16.unspliced,5169,2842,2770,3661,protein_coding
SLC35B1_chr17_49700934_49709014_-_ENSG00000121073.15_ENSG00000121073.15.unspliced,2599,6067,1785,735,protein_coding
SLC35C2_chr20_46345980_46364458_-_ENSG00000080189.15_ENSG00000080189.15.unspliced,9180,4263,7806,707,protein_coding
SLC35E1_chr19_16549831_16572415_-_ENSG00000127526.15_ENSG00000127526.15.unspliced,3984,7430,264,5378,protein_coding
SLC35E2B_chr1_1659529_1692795_-_ENSG00000189339.12_ENSG00000189339.12.unspliced,12600,5252,6042,1125,protein_coding
SLC38A10_chr17_81244811_81295547_-_ENSG00000157637.13_ENSG00000157637.13.unspliced,28081,14099,22425,3024,protein_coding
SLC38A5_chrX_48458537_48470260_-_ENSG00000017483.16_ENSG00000017483.16.unspliced,4705,3840,4850,905,protein_coding
SLC39A14_chr8_22367278_22434129_+_ENSG00000104635.15_ENSG00000104635.15.unspliced,10970,20418,5954,20772,protein_coding
SLC39A1_chr1_153959099_153968184_-_ENSG00000143570.19_ENSG00000143570.19.unspliced,5961,4161,3573,298,protein_coding
SLC41A1_chr1_205789094_205813748_-_ENSG00000133065.11_ENSG00000133065.11.unspliced,6392,8396,2477,4907,protein_coding
SLC43A1_chr11_57484534_57515780_-_ENSG00000149150.9_ENSG00000149150.9.unspliced,10050,8499,6003,5050,protein_coding
SLC43A3_chr11_57406954_57427580_-_ENSG00000134802.18_ENSG00000134802.18.unspliced,8906,7384,3690,4283,protein_coding
SLC48A1_chr12_47753916_47782751_+_ENSG00000211584.14_ENSG00000211584.14.unspliced,11228,4853,6440,2948,protein_coding
SLC4A2_chr7_151057210_151076526_+_ENSG00000164889.15_ENSG00000164889.15.unspliced,12206,1645,10914,640,protein_coding
SLC5A6_chr2_27199587_27212958_-_ENSG00000138074.15_ENSG00000138074.15.unspliced,4887,3068,7405,2059,protein_coding
SLC66A1_chr1_19312326_19329300_+_ENSG00000040487.13_ENSG00000040487.13.unspliced,7200,3623,4973,1183,protein_coding
SLC6A6_chr3_14402576_14489349_+_ENSG00000131389.18_ENSG00000131389.18.unspliced,35983,19728,21366,12168,protein_coding
SLC7A1_chr13_29509414_29595688_-_ENSG00000139514.13_ENSG00000139514.13.unspliced,13895,60603,12356,41780,protein_coding
SLC7A5_chr16_87830016_87869507_-_ENSG00000103257.10_ENSG00000103257.10.unspliced,26167,7118,21155,1175,protein_coding
SLC7A6_chr16_68264516_68301823_+_ENSG00000103064.15_ENSG00000103064.15.unspliced,6313,18069,5900,9278,protein_coding
SLCO4A1_chr20_62642503_62685785_+_ENSG00000101187.16_ENSG00000101187.16.unspliced,32181,5243,25417,1960,protein_coding
SLX9_chr21_44940025_44976973_+_ENSG00000160256.14_ENSG00000160256.14.unspliced,20671,12344,19921,6532,protein_coding
SMAD3_chr15_67063763_67195173_+_ENSG00000166949.18_ENSG00000166949.18.unspliced,31972,62009,18650,38741,protein_coding
SMAD6_chr15_66702236_66782849_+_ENSG00000137834.15_ENSG00000137834.15.unspliced,28150,30146,23024,16141,protein_coding
SMARCA4_chr19_10960932_11079426_+_ENSG00000127616.22_ENSG00000127616.22.unspliced,35587,23076,27104,11612,protein_coding
SMG1_chr16_18804860_18926408_-_ENSG00000157106.18_ENSG00000157106.18.unspliced,3153,80328,814,72994,protein_coding
SMG5_chr1_156249224_156282825_-_ENSG00000198952.8_ENSG00000198952.8.unspliced,6145,12692,5747,7097,protein_coding
SMG7_chr1_183472216_183598246_+_ENSG00000116698.22_ENSG00000116698.22.unspliced,3692,89747,2316,76831,protein_coding
SMG9_chr19_43727983_43754962_-_ENSG00000105771.14_ENSG00000105771.14.unspliced,5873,9775,5941,3022,protein_coding
SMIM7_chr19_16630751_16660442_-_ENSG00000214046.9_ENSG00000214046.9.unspliced,1175,12558,1396,6860,protein_coding
SMPD4BP_chr2_131492813_131520421_+_ENSG00000152117.19_ENSG00000152117.19.unspliced,10095,6344,9128,3876,transcribed_unprocessed_pseudogene
SMPD4BP_chr2_131492813_131521576_+_ENSG00000293311.2_ENSG00000293311.2.unspliced,10074,6344,9935,3876,lncRNA
SMPD4_chr2_130151392_130182750_-_ENSG00000136699.20_ENSG00000136699.20.unspliced,12951,7499,8765,4903,protein_coding
SMYD2_chr1_214281102_214337131_+_ENSG00000143499.14_ENSG00000143499.14.unspliced,3424,38697,4088,34632,protein_coding
SMYD3_chr1_245749342_246507312_-_ENSG00000185420.19_ENSG00000185420.19.unspliced,20143,592458,12484,548617,protein_coding
SMYD5_chr2_73214222_73227221_+_ENSG00000135632.12_ENSG00000135632.12.unspliced,4915,4796,3276,2202,protein_coding
SNAP29_chr22_20859007_20891214_+_ENSG00000099940.12_ENSG00000099940.12.unspliced,5011,8100,3019,5322,protein_coding
SNAP47_chr1_227728200_227781826_+_ENSG00000143740.15_ENSG00000143740.15.unspliced,18829,23027,22957,10533,protein_coding
SNAP47_chr1_227728200_227781826_+_ENSG00000143740.15_ENST00000681242.1,659,2021,2019,295,protein_coding
SNAPC4_chr9_136375567_136400176_-_ENSG00000165684.6_ENSG00000165684.6.unspliced,12340,4730,9031,2260,protein_coding
SNF8_chr17_48929316_48944842_-_ENSG00000159210.10_ENSG00000159210.10.unspliced,1056,6798,633,3742,protein_coding
SNHG29_chr17_16438767_16480249_+_ENSG00000175061.21_ENSG00000175061.21.unspliced,13672,5691,7662,1864,lncRNA
SNHG7_chr9_136721366_136728961_-_ENSG00000233016.10_ENSG00000233016.10.unspliced,5716,2307,5649,574,lncRNA
SNRNP35_chr12_123458088_123473154_+_ENSG00000184209.15_ENSG00000184209.15.unspliced,585,4356,234,4637,protein_coding
SNRNP70_chr19_49085419_49108605_+_ENSG00000104852.15_ENSG00000104852.15.unspliced,8560,5771,7273,1983,protein_coding
SNRPA_chr19_40750637_40765389_+_ENSG00000077312.9_ENSG00000077312.9.unspliced,6805,2058,1842,1553,protein_coding
SNRPB_chr20_2461634_2470853_-_ENSG00000125835.20_ENSG00000125835.20.unspliced,934,6828,1300,4799,protein_coding
SNRPD3_chr22_24555958_24582052_+_ENSG00000100028.12_ENSG00000100028.12.unspliced,755,11772,975,9040,protein_coding
SNU13_chr22_41673933_41690504_-_ENSG00000100138.15_ENSG00000100138.15.unspliced,3148,5943,481,3433,protein_coding
SNX17_chr2_27370496_27377535_+_ENSG00000115234.11_ENSG00000115234.11.unspliced,4562,1046,3231,1797,protein_coding
SNX5_chr20_17941597_17968980_-_ENSG00000089006.17_ENSG00000089006.17.unspliced,3060,22096,846,21042,protein_coding
SNX9_chr6_157700387_157945077_+_ENSG00000130340.17_ENSG00000130340.17.unspliced,15185,146798,9006,129250,protein_coding
SOCS2_chr12_93569814_93583487_+_ENSG00000120833.14_ENSG00000120833.14.unspliced,3709,8500,3932,9151,protein_coding
SORT1_chr1_109309568_109397918_-_ENSG00000134243.12_ENSG00000134243.12.unspliced,4136,59079,833,51251,protein_coding
SPAG9_chr17_50962174_51120868_-_ENSG00000008294.22_ENSG00000008294.22.unspliced,3340,99779,250,90753,protein_coding
SPATA24_chr5_139396563_139404089_-_ENSG00000170469.11_ENSG00000170469.11.unspliced,1416,1503,1548,722,protein_coding
SPATA2_chr20_49903391_49915529_-_ENSG00000158480.11_ENSG00000158480.11.unspliced,3675,2201,3816,1063,protein_coding
SPC24_chr19_11131520_11155807_-_ENSG00000161888.12_ENSG00000161888.12.unspliced,6514,2136,2970,839,protein_coding
SPC25_chr2_168834132_168913371_-_ENSG00000152253.9_ENSG00000152253.9.unspliced,425,62184,203,52745,protein_coding
SPEN_chr1_15836095_15940456_+_ENSG00000065526.13_ENSG00000065526.13.unspliced,5644,52827,3114,46830,protein_coding
SPG11_chr15_44554818_44663688_-_ENSG00000104133.16_ENSG00000104133.16.unspliced,1272,66649,1167,59820,protein_coding
SPG7_chr16_89490719_89557766_+_ENSG00000197912.16_ENSG00000197912.16.unspliced,18869,14012,12491,6198,protein_coding
SPRED2_chr2_65310851_65432637_-_ENSG00000198369.10_ENSG00000198369.10.unspliced,10160,76032,5005,69067,protein_coding
SPRY4_chr5_142310427_142326455_-_ENSG00000187678.10_ENSG00000187678.10.unspliced,5975,4957,5324,3431,protein_coding
SQSTM1_chr5_179806398_179838078_+_ENSG00000161011.20_ENSG00000161011.20.unspliced,17489,6712,7669,5254,protein_coding
SRA1_chr5_140537340_140557677_-_ENSG00000213523.12_ENSG00000213523.12.unspliced,4511,7333,2799,6456,protein_coding
SRCAP_chr16_30698209_30741409_+_ENSG00000080603.17_ENSG00000080603.17.unspliced,8612,15850,3471,12525,protein_coding
SRD5A1_chr5_6633290_6676539_+_ENSG00000145545.13_ENSG00000145545.13.unspliced,2083,28095,2742,23715,protein_coding
SREBF1_chr17_17810399_17837002_-_ENSG00000072310.18_ENSG00000072310.18.unspliced,16798,1196,12131,466,protein_coding
SREBF2_chr22_41833105_41907306_+_ENSG00000198911.13_ENSG00000198911.13.unspliced,18281,26361,10949,20053,protein_coding
SRPK1_chr6_35832966_35921342_-_ENSG00000096063.16_ENSG00000096063.16.unspliced,3428,65986,2491,59586,protein_coding
SRRM2_chr16_2752626_2772538_+_ENSG00000167978.19_ENSG00000167978.19.unspliced,9402,4446,2581,4577,protein_coding
SRRT_chr7_100875103_100888664_+_ENSG00000087087.20_ENSG00000087087.20.unspliced,7842,2956,4939,1117,protein_coding
SS18L1_chr20_62143769_62182514_+_ENSG00000184402.15_ENSG00000184402.15.unspliced,17343,8221,11335,3399,protein_coding
SS18L2_chr3_42581840_42596934_+_ENSG00000008324.12_ENSG00000008324.12.unspliced,3275,7967,601,4362,protein_coding
SSRP1_chr11_57325986_57335892_-_ENSG00000149136.9_ENSG00000149136.9.unspliced,6180,4649,1772,354,protein_coding
SSU72_chr1_1541673_1574863_-_ENSG00000160075.12_ENSG00000160075.12.unspliced,13131,7209,7449,2339,protein_coding
ST3GAL2_chr16_70375977_70439237_-_ENSG00000157350.13_ENSG00000157350.13.unspliced,20325,15504,14732,5986,protein_coding
ST6GAL1_chr3_186930325_187078553_+_ENSG00000073849.16_ENSG00000073849.16.unspliced,12362,88405,3839,66567,protein_coding
ST6GALNAC1_chr17_76624761_76643786_-_ENSG00000070526.15_ENSG00000070526.15.unspliced,3630,5733,1374,5324,protein_coding
ST6GALNAC6_chr9_127885321_127905408_-_ENSG00000160408.16_ENSG00000160408.16.unspliced,5862,4468,3645,1224,protein_coding
ST7_chr7_116953238_117230176_+_ENSG00000004866.22_ENSG00000004866.22.unspliced,3459,224762,950,204246,protein_coding
ST8SIA6_chr10_17315421_17454595_-_ENSG00000148488.17_ENSG00000148488.17.unspliced,4498,93116,749,84697,protein_coding
STAG3L5P-PVRIG2P-PILRB_chr7_100336079_100367831_+_ENSG00000272752.7_ENSG00000272752.7.unspliced,7786,5617,5234,2861,lncRNA
STARD3_chr17_39637090_39664201_+_ENSG00000131748.16_ENSG00000131748.16.unspliced,12788,4794,9516,392,protein_coding
STARD7-AS1_chr2_96208389_96243353_+_ENSG00000204685.10_ENSG00000204685.10.unspliced,4294,17081,1082,11825,lncRNA
STAT3_chr17_42313324_42388568_-_ENSG00000168610.17_ENSG00000168610.17.unspliced,2659,31778,2001,25730,protein_coding
STAT5B_chr17_42199176_42288633_-_ENSG00000173757.11_ENSG00000173757.11.unspliced,7721,40515,6075,33436,protein_coding
STAU1_chr20_49113339_49188367_-_ENSG00000124214.21_ENSG00000124214.21.unspliced,4936,46414,975,39171,protein_coding
STC2_chr5_173314723_173328447_-_ENSG00000113739.11_ENSG00000113739.11.unspliced,3337,2675,2868,2802,protein_coding
STEAP1B_chr7_22419444_22727613_-_ENSG00000105889.16_ENSG00000105889.16.unspliced,18543,212643,5864,181702,protein_coding
STEAP3_chr2_119223831_119265652_+_ENSG00000115107.20_ENSG00000115107.20.unspliced,11012,13509,13469,6385,protein_coding
STIP1_chr11_64185272_64204543_+_ENSG00000168439.17_ENSG00000168439.17.unspliced,3923,5093,4648,3958,protein_coding
STK11_chr19_1177558_1228431_+_ENSG00000118046.18_ENSG00000118046.18.unspliced,20274,4335,14915,1733,protein_coding
STK19_chr6_31971091_31982821_+_ENSG00000204344.16_ENSG00000204344.16.unspliced,5964,2389,4370,1618,protein_coding
STK25_chr2_241492670_241509730_-_ENSG00000115694.15_ENSG00000115694.15.unspliced,11404,1225,8475,251,protein_coding
STK40_chr1_36339624_36385924_-_ENSG00000196182.11_ENSG00000196182.11.unspliced,13983,8606,9767,4009,protein_coding
STMN1_chr1_25884181_25906991_-_ENSG00000117632.23_ENSG00000117632.23.unspliced,4281,8250,4549,7612,protein_coding
STON2_chr14_81260652_81436465_-_ENSG00000140022.14_ENSG00000140022.14.unspliced,3612,138618,3137,119429,protein_coding
STRBP_chr9_123109500_123268586_-_ENSG00000165209.19_ENSG00000165209.19.unspliced,6790,122925,2655,117639,protein_coding
STRIP1_chr1_110031577_110074641_+_ENSG00000143093.15_ENSG00000143093.15.unspliced,14344,15263,12474,9357,protein_coding
STRIP2_chr7_129434432_129488399_+_ENSG00000128578.10_ENSG00000128578.10.unspliced,6420,33935,541,25788,protein_coding
STRN4_chr19_46719511_46746994_-_ENSG00000090372.15_ENSG00000090372.15.unspliced,17901,4406,15584,2603,protein_coding
STT3B_chr3_31532638_31638548_+_ENSG00000163527.11_ENSG00000163527.11.unspliced,3629,95574,859,88017,protein_coding
STX2_chr12_130789600_130839254_-_ENSG00000111450.15_ENSG00000111450.15.unspliced,8821,31795,6571,26047,protein_coding
STX5_chr11_62806860_62832051_-_ENSG00000162236.13_ENSG00000162236.13.unspliced,1906,6265,1262,4733,protein_coding
STX6_chr1_180972712_181023121_-_ENSG00000135823.14_ENSG00000135823.14.unspliced,1481,38674,1915,32848,protein_coding
STXBP2_chr19_7636772_7647873_+_ENSG00000076944.18_ENSG00000076944.18.unspliced,8494,1917,6058,910,protein_coding
SUCO_chr1_172532349_172611833_+_ENSG00000094975.15_ENSG00000094975.15.unspliced,3585,67521,2448,65490,protein_coding
SUGP2_chr19_18990888_19034023_-_ENSG00000064607.17_ENSG00000064607.17.unspliced,7319,12471,6184,7776,protein_coding
SUMF2_chr7_56064002_56080670_+_ENSG00000129103.19_ENSG00000129103.19.unspliced,2919,3086,1211,2489,protein_coding
SUN1_chr7_816615_896435_+_ENSG00000164828.18_ENSG00000164828.18.unspliced,34674,34867,18684,21137,protein_coding
SUPT6H_chr17_28662198_28702679_+_ENSG00000109111.15_ENSG00000109111.15.unspliced,3356,14327,2149,7758,protein_coding
SURF4_chr9_133361450_133376166_-_ENSG00000148248.14_ENSG00000148248.14.unspliced,7475,9543,6236,2691,protein_coding
SUSD1_chr9_112040783_112175297_-_ENSG00000106868.17_ENSG00000106868.17.unspliced,5741,80068,2653,72628,protein_coding
SUSD3_chr9_93058688_93085133_+_ENSG00000157303.11_ENSG00000157303.11.unspliced,7257,6797,9529,5473,protein_coding
SUV39H1_chrX_48695554_48709016_+_ENSG00000101945.17_ENSG00000101945.17.unspliced,7564,3228,5224,1823,protein_coding
SYCP2L_chr6_10886831_10979320_+_ENSG00000153157.14_ENSG00000153157.14.unspliced,1569,61119,2491,57941,protein_coding
SYMPK_chr19_45815410_45863225_-_ENSG00000125755.20_ENSG00000125755.20.unspliced,12413,10138,9825,8978,protein_coding
SZRD1_chr1_16352575_16398145_+_ENSG00000055070.17_ENSG00000055070.17.unspliced,6471,13794,4432,8808,protein_coding
TACC3_chr4_1712858_1745171_+_ENSG00000013810.21_ENSG00000013810.21.unspliced,15177,4485,13394,1078,protein_coding
TADA2B_chr4_7041899_7057952_+_ENSG00000173011.12_ENSG00000173011.12.unspliced,7768,3424,6089,1663,protein_coding
TADA3_chr3_9779967_9793011_-_ENSG00000171148.14_ENSG00000171148.14.unspliced,3044,2926,2836,1673,protein_coding
TAF5L_chr1_229593134_229626122_-_ENSG00000135801.11_ENSG00000135801.11.unspliced,4044,23645,2948,20168,protein_coding
TAF8_chr6_42050513_42087461_+_ENSG00000137413.17_ENSG00000137413.17.unspliced,3852,16607,1822,11138,protein_coding
TAGLN2_chr1_159918107_159925507_-_ENSG00000158710.15_ENSG00000158710.15.unspliced,4016,1544,3648,1085,protein_coding
TALDO1_chr11_747415_765012_+_ENSG00000177156.11_ENSG00000177156.11.unspliced,4332,3085,3765,211,protein_coding
TANGO2_chr22_20017014_20067164_+_ENSG00000183597.16_ENSG00000183597.16.unspliced,20676,9185,15841,4468,protein_coding
TAOK2_chr16_29973868_29992261_+_ENSG00000149930.18_ENSG00000149930.18.unspliced,12985,6069,7605,2651,protein_coding
TAPBP_chr6_33299694_33314284_-_ENSG00000231925.14_ENSG00000231925.14.unspliced,4914,4094,844,1220,protein_coding
TAS2R14_chr12_10937408_11171573_-_ENSG00000212127.6_ENSG00000212127.6.unspliced,2022,195404,969,176675,protein_coding
TASOR2_chr10_5684731_5763779_+_ENSG00000108021.22_ENSG00000108021.22.unspliced,3484,60293,589,56219,protein_coding
TAX1BP1_chr7_27739331_27844564_+_ENSG00000106052.14_ENSG00000106052.14.unspliced,3149,84362,627,77764,protein_coding
TBC1D10B_chr16_30357102_30370494_-_ENSG00000169221.14_ENSG00000169221.14.unspliced,5788,2647,3689,1375,protein_coding
TBC1D14_chr4_6909242_7033118_+_ENSG00000132405.19_ENSG00000132405.19.unspliced,33638,56562,28912,33815,protein_coding
TBC1D22B_chr6_37257772_37332970_+_ENSG00000065491.8_ENSG00000065491.8.unspliced,3472,45262,1501,38927,protein_coding
TBC1D9B_chr5_179862066_179907897_-_ENSG00000197226.13_ENSG00000197226.13.unspliced,16470,8431,17129,4222,protein_coding
TBL1X_chrX_9463320_9741037_+_ENSG00000101849.18_ENSG00000101849.18.unspliced,19200,164105,20035,127522,protein_coding
TBL2_chr7_73567537_73578791_-_ENSG00000106638.18_ENSG00000106638.18.unspliced,3890,1332,1719,1386,protein_coding
TBRG4_chr7_45100100_45112047_-_ENSG00000136270.14_ENSG00000136270.14.unspliced,3378,1685,6667,1487,protein_coding
TBX18_chr6_84687351_84764598_-_ENSG00000112837.17_ENSG00000112837.17.unspliced,1697,58651,227,50869,protein_coding
TBX1_chr22_19756703_19783593_+_ENSG00000184058.16_ENSG00000184058.16.unspliced,15118,6615,9902,3339,protein_coding
TCAF1_chr7_143851375_143902198_-_ENSG00000198420.10_ENSG00000198420.10.unspliced,3364,36284,1778,30451,protein_coding
TCF12_chr15_56918623_57299281_+_ENSG00000140262.18_ENSG00000140262.18.unspliced,2501,303182,1974,281276,protein_coding
TCF19_chr6_31158331_31167159_+_ENSG00000137310.13_ENSG00000137310.13.unspliced,3995,2183,2506,1026,protein_coding
TCF25_chr16_89873570_89913627_+_ENSG00000141002.20_ENSG00000141002.20.unspliced,13397,7226,13949,4140,protein_coding
TCF3_chr19_1609291_1652615_-_ENSG00000071564.19_ENSG00000071564.19.unspliced,27090,5605,23295,4082,protein_coding
TCFL5_chr20_62841005_62861822_-_ENSG00000101190.13_ENSG00000101190.13.unspliced,4404,7803,1395,4746,protein_coding
TCOF1_chr5_150357629_150400308_+_ENSG00000070814.22_ENSG00000070814.22.unspliced,16223,6924,9980,3201,protein_coding
TEAD3_chr6_35473597_35497079_-_ENSG00000007866.22_ENSG00000007866.22.unspliced,12543,4428,9230,1472,protein_coding
TELO2_chr16_1493344_1510457_+_ENSG00000100726.15_ENSG00000100726.15.unspliced,11171,1701,11660,275,protein_coding
TENT2_chr5_79612120_79688246_+_ENSG00000164329.15_ENSG00000164329.15.unspliced,1210,60067,253,57712,protein_coding
TENT4A_chr5_6713432_6757044_+_ENSG00000112941.14_ENSG00000112941.14.unspliced,9503,29943,4931,25409,protein_coding
TFR2_chr7_100620416_100642779_-_ENSG00000106327.13_ENSG00000106327.13.unspliced,7925,1448,5919,1100,protein_coding
TFRC_chr3_196012511_196082153_-_ENSG00000072274.14_ENSG00000072274.14.unspliced,4354,38869,432,36370,protein_coding
TGFB1_chr19_41301587_41353922_-_ENSG00000105329.11_ENSG00000105329.11.unspliced,18450,6133,13392,3366,protein_coding
TGM2_chr20_38127385_38166578_-_ENSG00000198959.12_ENSG00000198959.12.unspliced,19629,8471,9000,5502,protein_coding
TGOLN2_chr2_85318027_85328251_-_ENSG00000152291.15_ENSG00000152291.15.unspliced,2046,5026,655,5010,protein_coding
THEM4_chr1_151870866_151909637_-_ENSG00000159445.13_ENSG00000159445.13.unspliced,4693,22701,1383,20003,protein_coding
THEM6_chr8_142727223_142736927_+_ENSG00000130193.8_ENSG00000130193.8.unspliced,4218,4400,2345,2379,protein_coding
THEMIS2_chr1_27872543_27886685_+_ENSG00000130775.16_ENSG00000130775.16.unspliced,6667,2819,2848,792,protein_coding
THUMPD2_chr2_39736060_39779267_-_ENSG00000138050.15_ENSG00000138050.15.unspliced,823,36250,323,36113,protein_coding
TICRR_chr15_89575469_89631056_+_ENSG00000140534.14_ENSG00000140534.14.unspliced,4318,32915,4857,30103,protein_coding
TIMM44_chr19_7926718_7943667_-_ENSG00000104980.8_ENSG00000104980.8.unspliced,7051,3426,6532,975,protein_coding
TJAP1_chr6_43477523_43506556_+_ENSG00000137221.14_ENSG00000137221.14.unspliced,7928,7686,7377,3577,protein_coding
TK1_chr17_78174091_78187233_-_ENSG00000167900.12_ENSG00000167900.12.unspliced,4821,3450,4357,984,protein_coding
TKT_chr3_53224712_53256052_-_ENSG00000163931.17_ENSG00000163931.17.unspliced,17081,4900,10429,2062,protein_coding
TLE3_chr15_70047790_70098176_-_ENSG00000140332.18_ENSG00000140332.18.unspliced,23780,17197,19874,8426,protein_coding
TM4SF19-DYNLT2B_chr3_196316082_196338373_-_ENSG00000273331.1_ENSG00000273331.1.unspliced,1813,8024,3422,4186,protein_coding
TM9SF4_chr20_32109714_32167258_+_ENSG00000101337.16_ENSG00000101337.16.unspliced,11106,23233,5497,20076,protein_coding
TMBIM1_chr2_218274197_218292586_-_ENSG00000135926.15_ENSG00000135926.15.unspliced,9290,6476,8554,1461,protein_coding
TMED4_chr7_44576392_44582287_-_ENSG00000158604.16_ENSG00000158604.16.unspliced,1263,2411,895,2146,protein_coding
TMED5_chr1_93149742_93180516_-_ENSG00000117500.13_ENSG00000117500.13.unspliced,3680,23174,971,20788,protein_coding
TMEM101_chr17_44011188_44023946_-_ENSG00000091947.10_ENSG00000091947.10.unspliced,3167,5328,2397,4802,protein_coding
TMEM109_chr11_60913907_60923443_+_ENSG00000110108.11_ENSG00000110108.11.unspliced,3591,3310,3229,2398,protein_coding
TMEM11-DT_chr17_21214322_21238485_+_ENSG00000235530.8_ENSG00000235530.8.unspliced,5166,5805,5441,3385,lncRNA
TMEM11_chr17_21197954_21214176_-_ENSG00000178307.10_ENSG00000178307.10.unspliced,4420,4425,5871,797,protein_coding
TMEM120B_chr12_121712752_121783001_+_ENSG00000188735.13_ENSG00000188735.13.unspliced,19121,13825,12371,6533,protein_coding
TMEM127_chr2_96248500_96266047_-_ENSG00000135956.11_ENSG00000135956.11.unspliced,3180,5150,6192,2965,protein_coding
TMEM14C_chr6_10722915_10731129_+_ENSG00000111843.14_ENSG00000111843.14.unspliced,1048,4259,627,4069,protein_coding
TMEM161A_chr19_19119169_19138513_-_ENSG00000064545.15_ENSG00000064545.15.unspliced,6912,5134,5389,3544,protein_coding
TMEM181_chr6_158536436_158635433_+_ENSG00000146433.11_ENSG00000146433.11.unspliced,18832,45698,15219,34967,protein_coding
TMEM222_chr1_27322145_27336400_+_ENSG00000186501.15_ENSG00000186501.15.unspliced,4715,4874,2172,3037,protein_coding
TMEM223_chr11_62771629_62792006_-_ENSG00000168569.8_ENSG00000168569.8.unspliced,5016,1746,4662,330,protein_coding
TMEM234_chr1_32214472_32222359_-_ENSG00000160055.20_ENSG00000160055.20.unspliced,1841,2259,1605,1231,protein_coding
TMEM248_chr7_66921225_66958551_+_ENSG00000106609.16_ENSG00000106609.16.unspliced,1772,20030,392,17497,protein_coding
TMEM267_chr5_43444252_43483893_-_ENSG00000151881.15_ENSG00000151881.15.unspliced,757,32847,840,30439,protein_coding
TMEM268_chr9_114611206_114646422_+_ENSG00000157693.15_ENST00000374049.4,692,1659,850,893,protein_coding
TMEM273_chr10_49154725_49188585_-_ENSG00000204161.15_ENSG00000204161.15.unspliced,5843,15163,6526,14470,protein_coding
TMEM38B_chr9_105694541_105776629_+_ENSG00000095209.12_ENSG00000095209.12.unspliced,2828,64206,2213,62282,protein_coding
TMEM43_chr3_14125015_14143680_+_ENSG00000170876.9_ENSG00000170876.9.unspliced,7061,5979,7058,937,protein_coding
TMEM44_chr3_194587673_194633689_-_ENSG00000145014.18_ENSG00000145014.18.unspliced,16061,12663,7308,4881,protein_coding
TMEM63A_chr1_225845536_225882380_-_ENSG00000196187.12_ENSG00000196187.12.unspliced,10358,12211,14350,6172,protein_coding
TMEM63B_chr6_44126914_44155519_+_ENSG00000137216.19_ENSG00000137216.19.unspliced,11889,6773,10142,256,protein_coding
TMEM70_chr8_73972437_73982783_+_ENSG00000175606.11_ENSG00000175606.11.unspliced,2023,4948,982,5472,protein_coding
TMEM74B_chr20_1180561_1185415_-_ENSG00000125895.6_ENSG00000125895.6.unspliced,2143,2997,2852,241,protein_coding
TMEM80_chr11_695591_705028_+_ENSG00000177042.16_ENSG00000177042.16.unspliced,3861,1841,1280,650,protein_coding
TMEM9_chr1_201134772_201171574_-_ENSG00000116857.17_ENSG00000116857.17.unspliced,11200,13387,7989,7717,protein_coding
TMOD1_chr9_97501180_97601743_+_ENSG00000136842.14_ENSG00000136842.14.unspliced,12711,52968,14944,34472,protein_coding
TNFAIP8_chr5_119268692_119399688_+_ENSG00000145779.8_ENSG00000145779.8.unspliced,1350,101786,1008,88073,protein_coding
TNFRSF10A_chr8_23190452_23225102_-_ENSG00000104689.10_ENSG00000104689.10.unspliced,6933,17088,5514,12801,protein_coding
TNFRSF10B_chr8_23020133_23069031_-_ENSG00000120889.13_ENSG00000120889.13.unspliced,4981,25549,5447,25840,protein_coding
TNFRSF1B_chr1_12166991_12209228_+_ENSG00000028137.19_ENSG00000028137.19.unspliced,19452,6038,13672,1730,protein_coding
TNIP2_chr4_2741648_2756342_-_ENSG00000168884.15_ENSG00000168884.15.unspliced,6999,3654,4654,1973,protein_coding
TNKS1BP1_chr11_57299638_57324952_-_ENSG00000149115.14_ENSG00000149115.14.unspliced,13663,4037,10549,1573,protein_coding
TNPO1_chr5_72816312_72916733_+_ENSG00000083312.19_ENSG00000083312.19.unspliced,4909,86798,480,80318,protein_coding
TNPO2_chr19_12699201_12724011_-_ENSG00000105576.16_ENSG00000105576.16.unspliced,10051,4904,8224,350,protein_coding
TNRC18_chr7_5306790_5425414_-_ENSG00000182095.15_ENSG00000182095.15.unspliced,41895,17799,35828,12834,protein_coding
TNRC6A_chr16_24610209_24827632_+_ENSG00000090905.19_ENSG00000090905.19.unspliced,6878,121685,2575,102801,protein_coding
TOB2_chr22_41433492_41446801_-_ENSG00000183864.6_ENSG00000183864.6.unspliced,4647,2807,2567,2561,protein_coding
TOMM34_chr20_44942130_44960397_-_ENSG00000025772.8_ENSG00000025772.8.unspliced,2537,8989,405,8077,protein_coding
TOP1_chr20_41028822_41124487_+_ENSG00000198900.7_ENSG00000198900.7.unspliced,959,78091,544,72717,protein_coding
TOP3B_chr22_21957025_21982813_-_ENSG00000100038.20_ENSG00000100038.20.unspliced,9772,3352,9589,2163,protein_coding
TOR1A_chr9_129812942_129824244_-_ENSG00000136827.12_ENSG00000136827.12.unspliced,3626,2372,2866,1365,protein_coding
TOR3A_chr1_179082070_179098023_+_ENSG00000186283.14_ENSG00000186283.14.unspliced,5446,2471,1814,1517,protein_coding
TPD52L2_chr20_63865228_63891545_+_ENSG00000101150.18_ENSG00000101150.18.unspliced,11388,5925,7319,1025,protein_coding
TPM4_chr19_16067021_16103005_+_ENSG00000167460.18_ENSG00000167460.18.unspliced,6967,7745,4733,5839,protein_coding
TPRA1_chr3_127571232_127598267_-_ENSG00000163870.16_ENSG00000163870.16.unspliced,11410,6257,9233,1493,protein_coding
TPTEP1_chr22_16601307_16698742_+_ENSG00000290418.2_ENSG00000290418.2.unspliced,6705,57450,3376,48368,lncRNA
TRAF2_chr9_136881912_136926607_+_ENSG00000127191.18_ENSG00000127191.18.unspliced,17852,5904,14331,690,protein_coding
TRAIP_chr3_49828601_49856574_-_ENSG00000183763.9_ENSG00000183763.9.unspliced,7662,5646,4626,3783,protein_coding
TRAM1_chr8_70573218_70608416_-_ENSG00000067167.8_ENSG00000067167.8.unspliced,2750,28346,589,27365,protein_coding
TRAP1_chr16_3651639_3717553_-_ENSG00000126602.11_ENSG00000126602.11.unspliced,20140,21129,13702,12863,protein_coding
TRAPPC10_chr21_44012309_44106552_+_ENSG00000160218.13_ENSG00000160218.13.unspliced,13781,53338,12836,38427,protein_coding
TRAPPC3_chr1_36136570_36156053_-_ENSG00000054116.12_ENSG00000054116.12.unspliced,4660,6400,3880,4457,protein_coding
TREX2_chrX_153444473_153470587_-_ENSG00000183479.13_ENSG00000183479.13.unspliced,12359,5431,9814,4906,protein_coding
TRIB3_chr20_362835_397559_+_ENSG00000101255.13_ENSG00000101255.13.unspliced,6572,7528,5998,4481,protein_coding
TRIM14_chr9_98069275_98119222_-_ENSG00000106785.15_ENSG00000106785.15.unspliced,5928,17216,4336,11095,protein_coding
TRIM44_chr11_35662775_35818007_+_ENSG00000166326.7_ENSG00000166326.7.unspliced,3186,132112,3583,121479,protein_coding
TRIM4_chr7_99876958_99919531_-_ENSG00000146833.16_ENSG00000146833.16.unspliced,2581,26629,1033,22751,protein_coding
TRIM52-AS1_chr5_181246463_181295573_+_ENSG00000248275.5_ENSG00000248275.5.unspliced,7919,18039,8752,14498,lncRNA
TRIM65_chr17_75880335_75896951_-_ENSG00000141569.12_ENSG00000141569.12.unspliced,7473,2973,4530,497,protein_coding
TRIM8_chr10_102642503_102662789_+_ENSG00000171206.17_ENSG00000171206.17.unspliced,12982,2554,10767,557,protein_coding
TRIP13_chr5_892884_919357_+_ENSG00000071539.14_ENSG00000071539.14.unspliced,10777,10869,6474,6805,protein_coding
TRMO_chr9_97894512_97922500_-_ENSG00000136932.16_ENSG00000136932.16.unspliced,1538,17221,666,15939,protein_coding
TRMT11_chr6_125986479_126203817_+_ENSG00000066651.20_ENSG00000066651.20.unspliced,4135,191287,1502,175848,protein_coding
TRMU_chr22_46330875_46357340_+_ENSG00000100416.15_ENSG00000100416.15.unspliced,10540,7290,7022,6441,protein_coding
TROAP_chr12_49323236_49331731_+_ENSG00000135451.13_ENSG00000135451.13.unspliced,4901,1442,2124,681,protein_coding
TRPC4AP_chr20_35002404_35092807_-_ENSG00000100991.12_ENSG00000100991.12.unspliced,8773,51525,7116,39823,protein_coding
TRPV2_chr17_16415571_16437003_+_ENSG00000187688.15_ENSG00000187688.15.unspliced,4271,3848,4423,1944,protein_coding
TRRAP_chr7_98877933_99050831_+_ENSG00000196367.15_ENSG00000196367.15.unspliced,19893,82875,10466,56596,protein_coding
TSC22D4_chr7_100463359_100479232_-_ENSG00000166925.9_ENSG00000166925.9.unspliced,7825,1165,4184,271,protein_coding
TSEN2_chr3_12484421_12541549_+_ENSG00000154743.19_ENSG00000154743.19.unspliced,2298,37004,1051,34348,protein_coding
TSFM_chr12_57782761_57808071_+_ENSG00000123297.20_ENSG00000123297.20.unspliced,731,12966,382,11723,protein_coding
TSPAN14_chr10_80454265_80533124_+_ENSG00000108219.17_ENSG00000108219.17.unspliced,21339,32586,19555,22054,protein_coding
TSPAN14_chr10_80454265_80533124_+_ENSG00000108219.17_ENST00000714437.1,267,1892,2542,927,protein_coding
TSR2_chrX_54440404_54448032_+_ENSG00000158526.8_ENSG00000158526.8.unspliced,4040,3031,2336,324,protein_coding
TTC21B_chr2_165857475_165953851_-_ENSG00000123607.16_ENSG00000123607.16.unspliced,821,82101,1381,78483,protein_coding
TTC3_chr21_37073226_37203112_+_ENSG00000182670.14_ENSG00000182670.14.unspliced,1953,97997,1737,90552,protein_coding
TUBB6_chr18_12307669_12344320_+_ENSG00000176014.13_ENSG00000176014.13.unspliced,6563,14545,4421,13297,protein_coding
TUBGCP2_chr10_133278635_133318823_-_ENSG00000130640.15_ENSG00000130640.15.unspliced,19264,10686,10519,3854,protein_coding
TVP23C_chr17_15502264_15563595_-_ENSG00000175106.17_ENSG00000175106.17.unspliced,6152,36493,1636,34721,protein_coding
TXLNA_chr1_32179675_32198285_+_ENSG00000084652.16_ENSG00000084652.16.unspliced,6109,5581,4923,2394,protein_coding
TXLNG_chrX_16786432_16844519_+_ENSG00000086712.13_ENSG00000086712.13.unspliced,1511,37228,1368,34345,protein_coding
TXN2_chr22_36467046_36481640_-_ENSG00000100348.10_ENSG00000100348.10.unspliced,4340,4116,1335,1698,protein_coding
TXNDC11_chr16_11679083_11742857_-_ENSG00000153066.13_ENSG00000153066.13.unspliced,4355,38633,4247,38380,protein_coding
TXNDC5_chr6_7881517_7910788_-_ENSG00000239264.9_ENSG00000239264.9.unspliced,4002,20061,3179,15478,protein_coding
TXNL4B_chr16_72084857_72094431_-_ENSG00000140830.10_ENSG00000140830.10.unspliced,1741,5335,214,4409,protein_coding
TXNRD1_chr12_104215779_104350307_+_ENSG00000198431.18_ENSG00000198431.18.unspliced,9261,79520,1349,80196,protein_coding
TXNRD2_chr22_19875517_19941820_-_ENSG00000184470.21_ENSG00000184470.21.unspliced,24503,19126,20495,12411,protein_coding
TYMS_chr18_657653_673578_+_ENSG00000176890.16_ENSG00000176890.16.unspliced,3306,11188,1962,7621,protein_coding
U2AF2_chr19_55654146_55674716_+_ENSG00000063244.14_ENSG00000063244.14.unspliced,10128,6453,8301,1467,protein_coding
UBA1_chrX_47190861_47215128_+_ENSG00000130985.17_ENSG00000130985.17.unspliced,10271,8144,4685,2501,protein_coding
UBAC1_chr9_135932969_135961373_-_ENSG00000130560.9_ENSG00000130560.9.unspliced,9664,10341,7782,4476,protein_coding
UBAC2_chr13_99200774_99386504_+_ENSG00000134882.16_ENSG00000134882.16.unspliced,11457,135933,5097,117083,protein_coding
UBBP4_chr17_22090665_22205157_+_ENSG00000290919.2_ENSG00000290919.2.unspliced,4420,92738,1421,83173,lncRNA
UBE2E1_chr3_23805955_23891640_+_ENSG00000170142.12_ENSG00000170142.12.unspliced,8275,62871,2439,59542,protein_coding
UBE2G2_chr21_44768580_44801826_-_ENSG00000184787.19_ENSG00000184787.19.unspliced,3989,21502,1657,18567,protein_coding
UBE2J2_chr1_1253909_1273864_-_ENSG00000160087.21_ENSG00000160087.21.unspliced,11239,2381,8397,1031,protein_coding
UBE2K_chr4_39698109_39782792_+_ENSG00000078140.14_ENSG00000078140.14.unspliced,4948,44770,2127,42739,protein_coding
UBE2L3_chr22_21549447_21624034_+_ENSG00000185651.16_ENSG00000185651.16.unspliced,10243,21680,10201,9912,protein_coding
UBE2O_chr17_76389456_76453152_-_ENSG00000175931.13_ENSG00000175931.13.unspliced,14825,21270,11887,16694,protein_coding
UBE2Q1_chr1_154548577_154559028_-_ENSG00000160714.11_ENSG00000160714.11.unspliced,4977,5421,5027,2265,protein_coding
UBE2V2_chr8_48008415_48064708_+_ENSG00000169139.12_ENSG00000169139.12.unspliced,861,31573,792,27567,protein_coding
UBE3A_chr15_25333728_25439051_-_ENSG00000114062.22_ENSG00000114062.22.unspliced,1807,90878,1689,86084,protein_coding
UBE3C_chr7_157138926_157269370_+_ENSG00000009335.19_ENSG00000009335.19.unspliced,5777,88607,1816,81527,protein_coding
UBE4B_chr1_10032832_10181239_+_ENSG00000130939.20_ENSG00000130939.20.unspliced,5144,75427,2005,67057,protein_coding
UBFD1_chr16_23557721_23574389_+_ENSG00000103353.16_ENSG00000103353.16.unspliced,1084,10914,234,8659,protein_coding
UBIAD1_chr1_11273198_11296049_+_ENSG00000120942.14_ENSG00000120942.14.unspliced,5264,7669,2412,5226,protein_coding
UBN1_chr16_4846665_4882401_+_ENSG00000118900.15_ENSG00000118900.15.unspliced,6438,14898,7630,10374,protein_coding
UBQLN4_chr1_156035299_156053798_-_ENSG00000160803.8_ENSG00000160803.8.unspliced,6506,2932,3581,2344,protein_coding
UBR3_chr2_169827454_170084131_+_ENSG00000144357.18_ENSG00000144357.18.unspliced,7924,204777,1967,190106,protein_coding
UBR4_chr1_19074510_19210266_-_ENSG00000127481.15_ENSG00000127481.15.unspliced,8769,96550,10670,83169,protein_coding
UBR5_chr8_102252273_102412759_-_ENSG00000104517.13_ENSG00000104517.13.unspliced,2404,130981,1463,122363,protein_coding
UBXN2B_chr8_58411359_58451501_+_ENSG00000215114.10_ENSG00000215114.10.unspliced,1278,32006,335,29741,protein_coding
UCK2_chr1_165827614_165911618_+_ENSG00000143179.16_ENSG00000143179.16.unspliced,10964,56920,7400,47900,protein_coding
ULK1_chr12_131894622_131923150_+_ENSG00000177169.10_ENSG00000177169.10.unspliced,17899,3598,14969,424,protein_coding
UMPS_chr3_124730433_124749273_+_ENSG00000114491.14_ENSG00000114491.14.unspliced,2394,11247,1752,8176,protein_coding
UNC119B_chr12_120710458_120723640_+_ENSG00000175970.12_ENSG00000175970.12.unspliced,3810,5868,1456,6202,protein_coding
UNC45A_chr15_90930180_90954093_+_ENSG00000140553.18_ENSG00000140553.18.unspliced,11622,3343,8491,441,protein_coding
UNKL_chr16_1363205_1414751_-_ENSG00000059145.19_ENSG00000059145.19.unspliced,26306,8351,17565,3301,protein_coding
UNK_chr17_75784806_75825799_+_ENSG00000132478.10_ENSG00000132478.10.unspliced,11378,11907,10107,9044,protein_coding
UPF1_chr19_18831959_18868230_+_ENSG00000005007.14_ENSG00000005007.14.unspliced,20816,9189,17351,3001,protein_coding
UPF2_chr10_11920022_12043170_-_ENSG00000151461.20_ENSG00000151461.20.unspliced,2523,87288,990,75505,protein_coding
UPF3A_chr13_114281601_114305817_+_ENSG00000169062.15_ENSG00000169062.15.unspliced,4157,11110,1141,6808,protein_coding
UQCC2_chr6_33694293_33711727_-_ENSG00000137288.10_ENSG00000137288.10.unspliced,3239,8529,1138,6234,protein_coding
UQCRC1_chr3_48599002_48610976_-_ENSG00000010256.12_ENSG00000010256.12.unspliced,6119,3253,5153,577,protein_coding
URB1_chr21_32311018_32393012_-_ENSG00000142207.7_ENSG00000142207.7.unspliced,14928,48202,11513,31705,protein_coding
URB1_chr21_32311018_32393012_-_ENSG00000142207.7_ENST00000382751.4,2524,1798,3816,890,protein_coding
URB2_chr1_229626247_229660200_+_ENSG00000135763.10_ENSG00000135763.10.unspliced,3367,24680,2137,22725,protein_coding
URI1_chr19_29923644_30016612_+_ENSG00000105176.18_ENSG00000105176.18.unspliced,2225,73427,2691,67875,protein_coding
URM1_chr9_128371361_128392016_+_ENSG00000167118.11_ENSG00000167118.11.unspliced,8312,2719,5308,990,protein_coding
UROD_chr1_45010950_45015575_+_ENSG00000126088.14_ENSG00000126088.14.unspliced,1690,1189,946,517,protein_coding
UROS_chr10_125784980_125823288_-_ENSG00000188690.16_ENSG00000188690.16.unspliced,4785,21195,1998,13391,protein_coding
USB1_chr16_57999546_58021618_+_ENSG00000103005.13_ENSG00000103005.13.unspliced,6364,11184,3478,7004,protein_coding
USF1_chr1_161039251_161045977_-_ENSG00000158773.14_ENSG00000158773.14.unspliced,1787,3391,1172,579,protein_coding
USP10_chr16_84699986_84779922_+_ENSG00000103194.16_ENSG00000103194.16.unspliced,5910,55851,3054,52983,protein_coding
USP20_chr9_129834698_129881828_+_ENSG00000136878.14_ENSG00000136878.14.unspliced,13463,9080,10010,5496,protein_coding
USP22_chr17_20999596_21043760_-_ENSG00000124422.12_ENSG00000124422.12.unspliced,6706,24086,8421,17469,protein_coding
USP25_chr21_15729982_15880064_+_ENSG00000155313.16_ENSG00000155313.16.unspliced,1963,131010,407,124922,protein_coding
USP34_chr2_61187463_61471087_-_ENSG00000115464.15_ENSG00000115464.15.unspliced,5576,203921,1182,182734,protein_coding
USP36_chr17_78787381_78841441_-_ENSG00000055483.20_ENSG00000055483.20.unspliced,19516,20643,13396,12754,protein_coding
USP3_chr15_63504511_63594640_+_ENSG00000140455.17_ENSG00000140455.17.unspliced,1521,73656,1268,68370,protein_coding
USP45_chr6_99432325_99521728_-_ENSG00000123552.18_ENSG00000123552.18.unspliced,4314,70056,704,66154,protein_coding
USP47_chr11_11841423_11961887_+_ENSG00000170242.19_ENSG00000170242.19.unspliced,2145,100073,1774,95444,protein_coding
USP48_chr1_21678298_21783606_-_ENSG00000090686.16_ENSG00000090686.16.unspliced,3746,64060,234,58669,protein_coding
USP6NL_chr10_11460510_11611666_-_ENSG00000148429.15_ENSG00000148429.15.unspliced,3076,128146,1898,119766,protein_coding
USP9X_chrX_41085445_41236579_+_ENSG00000124486.15_ENSG00000124486.15.unspliced,4061,117389,1552,107474,protein_coding
UTP25_chr1_209827972_209857565_+_ENSG00000117597.18_ENSG00000117597.18.unspliced,708,26122,2372,21903,protein_coding
UXS1_chr2_106093308_106194301_-_ENSG00000115652.15_ENSG00000115652.15.unspliced,7709,70871,12836,57527,protein_coding
VANGL1_chr1_115641970_115698224_+_ENSG00000173218.15_ENSG00000173218.15.unspliced,6237,38611,3561,26757,protein_coding
VAPB_chr20_58389229_58451101_+_ENSG00000124164.16_ENSG00000124164.16.unspliced,5821,47637,988,42848,protein_coding
VARS1_chr6_31777518_31795752_-_ENSG00000204394.13_ENSG00000204394.13.unspliced,7863,4252,7584,2795,protein_coding
VASP_chr19_45506579_45526989_+_ENSG00000125753.15_ENSG00000125753.15.unspliced,9927,2693,4906,554,protein_coding
VAT1_chr17_43014607_43025123_-_ENSG00000108828.16_ENSG00000108828.16.unspliced,5640,1967,4337,560,protein_coding
VCL_chr10_73995193_74121363_+_ENSG00000035403.18_ENSG00000035403.18.unspliced,2732,84516,3535,75717,protein_coding
VCP_chr9_35053928_35072668_-_ENSG00000165280.18_ENSG00000165280.18.unspliced,4979,12645,2399,10984,protein_coding
VDAC1_chr5_133971871_134004975_-_ENSG00000213585.11_ENSG00000213585.11.unspliced,7727,17342,7563,9873,protein_coding
VEGFA_chr6_43770184_43786487_+_ENSG00000112715.26_ENSG00000112715.26.unspliced,9165,3880,7128,470,protein_coding
VILL_chr3_37988059_38007188_+_ENSG00000136059.16_ENSG00000136059.16.unspliced,10615,6397,6756,2490,protein_coding
VPS13D_chr1_12230030_12512047_+_ENSG00000048707.15_ENSG00000048707.15.unspliced,8687,199927,4895,181456,protein_coding
VPS13D_chr1_12230030_12512047_+_ENSG00000048707.15_ENST00000620676.6,965,1860,818,2300,protein_coding
VPS25_chr17_42773449_42779599_+_ENSG00000131475.7_ENSG00000131475.7.unspliced,597,2213,1744,1017,protein_coding
VPS26B_chr11_134224671_134247788_+_ENSG00000151502.11_ENSG00000151502.11.unspliced,3769,7711,721,7058,protein_coding
VPS26C_chr21_37223420_37267919_-_ENSG00000157538.14_ENSG00000157538.14.unspliced,6261,27599,5205,23956,protein_coding
VPS37B_chr12_122865330_122896127_-_ENSG00000139722.7_ENSG00000139722.7.unspliced,9199,16503,4977,12268,protein_coding
VPS37C_chr11_61130257_61161615_-_ENSG00000167987.11_ENSG00000167987.11.unspliced,11990,11599,7243,5853,protein_coding
VPS4A_chr16_69311336_69326939_+_ENSG00000132612.17_ENSG00000132612.17.unspliced,6648,2498,5042,727,protein_coding
VPS51_chr11_65089324_65111862_+_ENSG00000149823.10_ENSG00000149823.10.unspliced,7593,5330,6001,4444,protein_coding
VRK1_chr14_96797304_96954846_+_ENSG00000100749.9_ENSG00000100749.9.unspliced,11790,125665,6843,113334,protein_coding
VRK3_chr19_49976468_50025946_-_ENSG00000105053.11_ENSG00000105053.11.unspliced,15723,14516,10828,4912,protein_coding
VSIR_chr10_71747556_71773520_-_ENSG00000107738.20_ENSG00000107738.20.unspliced,9218,3662,9114,2408,protein_coding
WARS1_chr14_100333790_100376805_-_ENSG00000140105.18_ENSG00000140105.18.unspliced,6461,19543,4192,15473,protein_coding
WASF2_chr1_27404230_27490167_-_ENSG00000158195.11_ENSG00000158195.11.unspliced,3135,43529,3989,40013,protein_coding
WASH8P_chr12_14522_32015_-_ENSG00000226210.3_ENSG00000226210.3.unspliced,8624,5095,5529,2151,transcribed_unprocessed_pseudogene
WASHC1_chr9_14475_73865_-_ENSG00000181404.18_ENSG00000181404.18.unspliced,8745,32305,5002,25991,protein_coding
WDR1_chr4_10068089_10116972_-_ENSG00000071127.18_ENSG00000071127.18.unspliced,28085,15349,22899,6810,protein_coding
WDR33_chr2_127701027_127811187_-_ENSG00000136709.12_ENSG00000136709.12.unspliced,9389,70302,4512,64282,protein_coding
WDR43_chr2_28894667_28948219_+_ENSG00000163811.12_ENSG00000163811.12.unspliced,1781,40042,1227,37820,protein_coding
WDR44_chrX_118346073_118449961_+_ENSG00000131725.14_ENSG00000131725.14.unspliced,2255,75393,832,71015,protein_coding
WDR45B_chr17_82614562_82648553_-_ENSG00000141580.16_ENSG00000141580.16.unspliced,8618,13300,4406,8098,protein_coding
WDR45_chrX_49074433_49101170_-_ENSG00000196998.19_ENSG00000196998.19.unspliced,5879,5097,4537,2990,protein_coding
WDR46_chr6_33279108_33289247_-_ENSG00000227057.10_ENSG00000227057.10.unspliced,2862,2204,1238,1416,protein_coding
WDR4_chr21_42843094_42879568_-_ENSG00000160193.12_ENSG00000160193.12.unspliced,18394,15715,10361,5469,protein_coding
WDR55_chr5_140664868_140674124_+_ENSG00000120314.19_ENSG00000120314.19.unspliced,4489,2805,4215,1432,protein_coding
WDR5_chr9_134135365_134159968_+_ENSG00000196363.10_ENSG00000196363.10.unspliced,12110,6498,14615,1220,protein_coding
WDR62_chr19_36054649_36105108_+_ENSG00000075702.19_ENSG00000075702.19.unspliced,13793,14982,9815,5955,protein_coding
WDR73_chr15_84639285_84654343_-_ENSG00000177082.13_ENSG00000177082.13.unspliced,2312,3073,2232,1188,protein_coding
WDR91_chr7_135183839_135211555_-_ENSG00000105875.15_ENSG00000105875.15.unspliced,4371,16426,2313,11538,protein_coding
WNK4_chr17_42780610_42797066_+_ENSG00000126562.17_ENSG00000126562.17.unspliced,7418,2515,6123,1408,protein_coding
WRNIP1_chr6_2765393_2786952_+_ENSG00000124535.16_ENSG00000124535.16.unspliced,1833,18517,1476,15420,protein_coding
WT1_chr11_32387775_32435564_-_ENSG00000184937.17_ENSG00000184937.17.unspliced,8977,23621,7806,20996,protein_coding
XPC_chr3_14145145_14178621_-_ENSG00000154767.16_ENSG00000154767.16.unspliced,5548,19608,4806,12959,protein_coding
XPO4_chr13_20777329_20903048_-_ENSG00000132953.18_ENSG00000132953.18.unspliced,3312,96853,1037,92271,protein_coding
XPO6_chr16_28097976_28211965_-_ENSG00000169180.12_ENSG00000169180.12.unspliced,13747,78967,7002,70082,protein_coding
XRCC2_chr7_152644776_152676193_-_ENSG00000196584.4_ENSG00000196584.4.unspliced,1400,17582,937,14244,protein_coding
XRCC6_chr22_41621163_41664048_+_ENSG00000196419.13_ENSG00000196419.13.unspliced,2702,18741,700,15182,protein_coding
XYLB_chr3_38346760_38421348_+_ENSG00000093217.11_ENSG00000093217.11.unspliced,8409,37914,9429,28473,protein_coding
YARS1_chr1_32775237_32818031_-_ENSG00000134684.13_ENSG00000134684.13.unspliced,4520,15924,3194,10098,protein_coding
YBX1_chr1_42682418_42703805_+_ENSG00000065978.19_ENSG00000065978.19.unspliced,956,19772,409,18092,protein_coding
YBX3_chr12_10699089_10723323_-_ENSG00000060138.13_ENSG00000060138.13.unspliced,1354,19149,1750,20543,protein_coding
YEATS2_chr3_183697797_183812624_+_ENSG00000163872.16_ENSG00000163872.16.unspliced,3105,70327,1443,60907,protein_coding
YES1_chr18_721588_812546_-_ENSG00000176105.14_ENSG00000176105.14.unspliced,780,59429,1235,56267,protein_coding
YIF1B_chr19_38303558_38317273_-_ENSG00000167645.17_ENSG00000167645.17.unspliced,6230,1234,3655,278,protein_coding
YIPF3_chr6_43511832_43516985_-_ENSG00000137207.12_ENSG00000137207.12.unspliced,2548,1067,1052,599,protein_coding
YIPF4_chr2_32277904_32316594_+_ENSG00000119820.11_ENSG00000119820.11.unspliced,4416,23442,911,20660,protein_coding
YJU2B_chr19_13731760_13763296_+_ENSG00000104957.14_ENSG00000104957.14.unspliced,4726,5712,5666,3501,protein_coding
YTHDF1_chr20_63195429_63216139_-_ENSG00000149658.18_ENSG00000149658.18.unspliced,7691,11321,5317,5502,protein_coding
YWHAE_chr17_1344275_1400222_-_ENSG00000108953.17_ENSG00000108953.17.unspliced,3194,30336,215,30188,protein_coding
YY1AP1_chr1_155659446_155689334_-_ENSG00000163374.21_ENSG00000163374.21.unspliced,3516,13790,3586,11026,protein_coding
YY1_chr14_100238298_100282788_+_ENSG00000100811.15_ENSG00000100811.15.unspliced,3947,23705,1881,20638,protein_coding
ZBTB24_chr6_109460632_109483239_-_ENSG00000112365.6_ENSG00000112365.6.unspliced,1797,15445,1685,12725,protein_coding
ZBTB43_chr9_126805006_126838210_+_ENSG00000169155.10_ENSG00000169155.10.unspliced,1172,23129,771,17889,protein_coding
ZC3H18_chr16_88570403_88631964_+_ENSG00000158545.16_ENSG00000158545.16.unspliced,23462,21412,16660,11119,protein_coding
ZC3H4_chr19_47064187_47113776_-_ENSG00000130749.10_ENSG00000130749.10.unspliced,20037,13287,10792,8808,protein_coding
ZC3H7A_chr16_11750586_11797258_-_ENSG00000122299.12_ENSG00000122299.12.unspliced,2136,27601,1131,26694,protein_coding
ZC3H7B_chr22_41301525_41360147_+_ENSG00000100403.12_ENSG00000100403.12.unspliced,21098,7958,14273,2682,protein_coding
ZCCHC17_chr1_31296982_31364953_+_ENSG00000121766.16_ENSG00000121766.16.unspliced,2941,43129,1537,40370,protein_coding
ZCCHC8_chr12_122471600_122500932_-_ENSG00000033030.16_ENSG00000033030.16.unspliced,2568,12747,609,10720,protein_coding
ZDHHC18_chr1_26826688_26857604_+_ENSG00000204160.12_ENSG00000204160.12.unspliced,10444,8573,5221,3647,protein_coding
ZDHHC3_chr3_44915257_44976185_-_ENSG00000163812.16_ENSG00000163812.16.unspliced,12053,28588,6861,19564,protein_coding
ZDHHC3_chr3_44915257_44976185_-_ENSG00000163812.16_ENST00000424952.7,3086,4143,287,2854,protein_coding
ZDHHC5_chr11_57667747_57701182_+_ENSG00000156599.11_ENSG00000156599.11.unspliced,2197,16912,355,12067,protein_coding
ZDHHC7_chr16_84974175_85011535_-_ENSG00000153786.13_ENSG00000153786.13.unspliced,6525,17605,3634,9944,protein_coding
ZEB2_chr2_144364364_144521057_-_ENSG00000169554.23_ENSG00000169554.23.unspliced,3447,130482,1766,119312,protein_coding
ZFAND3_chr6_37819727_38154624_+_ENSG00000156639.12_ENSG00000156639.12.unspliced,7603,264783,3395,239961,protein_coding
ZFPL1_chr11_65084210_65088398_+_ENSG00000162300.13_ENSG00000162300.13.unspliced,3462,1626,369,603,protein_coding
ZFPM1_chr16_88453280_88537031_+_ENSG00000179588.9_ENSG00000179588.9.unspliced,56220,4072,52733,243,protein_coding
ZFYVE21_chr14_103715730_103733668_+_ENSG00000100711.14_ENSG00000100711.14.unspliced,8212,4543,10183,1483,protein_coding
ZFYVE27_chr10_97737121_97760907_+_ENSG00000155256.18_ENSG00000155256.18.unspliced,5606,12610,3373,6421,protein_coding
ZIC5_chr13_99962964_99971767_-_ENSG00000139800.9_ENSG00000139800.9.unspliced,3730,3827,2466,2980,protein_coding
ZKSCAN1_chr7_100015572_100041689_+_ENSG00000106261.17_ENSG00000106261.17.unspliced,1598,10083,345,10155,protein_coding
ZMIZ1_chr10_79068966_79316519_+_ENSG00000108175.19_ENSG00000108175.19.unspliced,120240,39188,97023,9013,protein_coding
ZMIZ2_chr7_44748581_44769881_+_ENSG00000122515.16_ENSG00000122515.16.unspliced,11781,3054,9062,1428,protein_coding
ZNF131_chr5_43065176_43192021_+_ENSG00000172262.12_ENSG00000172262.12.unspliced,9230,62618,2945,53590,protein_coding
ZNF142_chr2_218633329_218659655_-_ENSG00000115568.16_ENSG00000115568.16.unspliced,1705,7255,466,5800,protein_coding
ZNF175_chr19_51571283_51592510_+_ENSG00000105497.8_ENSG00000105497.8.unspliced,2502,16084,387,14341,protein_coding
ZNF195_chr11_3339261_3379222_-_ENSG00000005801.18_ENSG00000005801.18.unspliced,1732,27938,1034,23631,protein_coding
ZNF202_chr11_123723914_123741675_-_ENSG00000166261.11_ENSG00000166261.11.unspliced,1911,9429,1257,10305,protein_coding
ZNF212_chr7_149239651_149255606_+_ENSG00000170260.9_ENSG00000170260.9.unspliced,3300,6515,1623,5547,protein_coding
ZNF217_chr20_53567071_53609907_-_ENSG00000171940.14_ENSG00000171940.14.unspliced,3722,24385,2053,20204,protein_coding
ZNF23_chr16_71447597_71463095_-_ENSG00000167377.19_ENSG00000167377.19.unspliced,2862,6995,1513,6001,protein_coding
ZNF267_chr16_31873807_31917357_+_ENSG00000185947.15_ENSG00000185947.15.unspliced,1753,37839,386,34262,protein_coding
ZNF274_chr19_58183029_58213562_+_ENSG00000171606.18_ENSG00000171606.18.unspliced,7187,11836,3897,7419,protein_coding
ZNF275_chrX_153334147_153360110_+_ENSG00000063587.15_ENSG00000063587.15.unspliced,6039,14517,3792,10180,protein_coding
ZNF275_chrX_153334147_153360110_+_ENSG00000063587.15_ENST00000647705.1,2680,2318,284,2956,protein_coding
ZNF276_chr16_89720400_89740925_+_ENSG00000158805.12_ENSG00000158805.12.unspliced,9867,3741,9638,2115,protein_coding
ZNF282_chr7_149195546_149226243_+_ENSG00000170265.13_ENSG00000170265.13.unspliced,10338,10262,3822,4896,protein_coding
ZNF292_chr6_87151803_87265943_+_ENSG00000188994.14_ENSG00000188994.14.unspliced,5571,91043,712,87932,protein_coding
ZNF335_chr20_45948660_45972203_-_ENSG00000198026.8_ENSG00000198026.8.unspliced,8107,6999,9064,2194,protein_coding
ZNF346_chr5_177022696_177081189_+_ENSG00000113761.12_ENSG00000113761.12.unspliced,3161,21011,3115,18236,protein_coding
ZNF354B_chr5_178859953_178888122_+_ENSG00000178338.11_ENSG00000178338.11.unspliced,3048,16558,3107,15305,protein_coding
ZNF367_chr9_96385941_96418370_-_ENSG00000165244.7_ENSG00000165244.7.unspliced,2479,20009,2387,17097,protein_coding
ZNF37BP_chr10_42513510_42552900_-_ENSG00000293313.2_ENSG00000293313.2.unspliced,1968,26046,2084,20640,lncRNA
ZNF385A_chr12_54369133_54391298_-_ENSG00000161642.18_ENSG00000161642.18.unspliced,9030,5256,5129,1422,protein_coding
ZNF385D-AS1_chr3_21542789_21579959_+_ENSG00000225542.2_ENSG00000225542.2.unspliced,2221,31381,664,28813,lncRNA
ZNF394_chr7_99473877_99504857_-_ENSG00000160908.15_ENSG00000160908.15.unspliced,2944,8097,1218,5820,protein_coding
ZNF398_chr7_149126416_149183042_+_ENSG00000197024.9_ENSG00000197024.9.unspliced,4824,18277,3130,17204,protein_coding
ZNF3_chr7_100064033_100082548_-_ENSG00000166526.19_ENSG00000166526.19.unspliced,1781,3376,282,2127,protein_coding
ZNF43_chr19_21804946_21852125_-_ENSG00000198521.12_ENSG00000198521.12.unspliced,2502,28958,713,21292,protein_coding
ZNF445_chr3_44431705_44477670_-_ENSG00000185219.18_ENST00000396077.8,2030,6514,2364,4115,protein_coding
ZNF460_chr19_57280051_57294069_+_ENSG00000197714.9_ENSG00000197714.9.unspliced,1546,7104,1306,6428,protein_coding
ZNF473_chr19_50025714_50053414_+_ENSG00000142528.16_ENSG00000142528.16.unspliced,3224,8261,2470,5492,protein_coding
ZNF485_chr10_43606419_43617904_+_ENSG00000198298.13_ENSG00000198298.13.unspliced,1986,6352,299,5234,protein_coding
ZNF496_chr1_247297412_247331867_-_ENSG00000162714.13_ENSG00000162714.13.unspliced,6826,16382,4726,10472,protein_coding
ZNF500_chr16_4748239_4767624_-_ENSG00000103199.14_ENSG00000103199.14.unspliced,5179,3039,3980,2226,protein_coding
ZNF544_chr19_58228594_58277495_+_ENSG00000198131.15_ENSG00000198131.15.unspliced,5109,13884,3926,9412,protein_coding
ZNF551_chr19_57681969_57717301_+_ENSG00000204519.11_ENSG00000204519.11.unspliced,6717,17468,389,12380,protein_coding
ZNF580_chr19_55635016_55643470_+_ENSG00000213015.9_ENSG00000213015.9.unspliced,4915,1622,3514,383,protein_coding
ZNF586_chr19_57769655_57819939_+_ENSG00000083828.16_ENSG00000083828.16.unspliced,4301,23915,1541,18702,protein_coding
ZNF587B_chr19_57819721_57846238_+_ENSG00000269343.9_ENSG00000269343.9.unspliced,1792,10612,1896,7291,protein_coding
ZNF587_chr19_57849859_57865117_+_ENSG00000198466.12_ENSG00000198466.12.unspliced,2754,6564,230,4231,protein_coding
ZNF589_chr3_48241100_48299253_+_ENSG00000164048.14_ENSG00000164048.14.unspliced,2351,25269,6253,16951,protein_coding
ZNF592_chr15_84748592_84806445_+_ENSG00000166716.10_ENSG00000166716.10.unspliced,8727,34361,5855,24742,protein_coding
ZNF611_chr19_52702813_52735073_-_ENSG00000213020.10_ENSG00000213020.10.unspliced,1956,13966,2727,7524,protein_coding
ZNF619_chr3_40477113_40491053_+_ENSG00000177873.14_ENSG00000177873.14.unspliced,670,6872,940,7098,protein_coding
ZNF623_chr8_143636019_143656418_+_ENSG00000183309.12_ENSG00000183309.12.unspliced,2523,5873,2510,6391,protein_coding
ZNF626_chr19_20619939_20661596_-_ENSG00000188171.17_ENSG00000188171.17.unspliced,1037,24483,241,22618,protein_coding
ZNF668_chr16_31060843_31074240_-_ENSG00000167394.13_ENSG00000167394.13.unspliced,7159,1324,3951,1015,protein_coding
ZNF672_chr1_248838210_248849517_+_ENSG00000171161.13_ENSG00000171161.13.unspliced,4558,3073,1344,2526,protein_coding
ZNF697_chr1_119619377_119648266_-_ENSG00000143067.5_ENSG00000143067.5.unspliced,5266,20116,4897,18774,protein_coding
ZNF706_chr8_101177878_101206193_-_ENSG00000120963.12_ENSG00000120963.12.unspliced,3312,20930,1231,21310,protein_coding
ZNF718_chr4_124501_202303_+_ENSG00000250312.8_ENSG00000250312.8.unspliced,2663,60303,645,54956,protein_coding
ZNF721_chr4_425815_499156_-_ENSG00000182903.16_ENSG00000182903.16.unspliced,3143,46321,1731,37615,protein_coding
ZNF740_chr12_53180704_53195142_+_ENSG00000139651.11_ENSG00000139651.11.unspliced,3701,4195,2576,2066,protein_coding
ZNF746_chr7_149472696_149497817_-_ENSG00000181220.18_ENSG00000181220.18.unspliced,5304,14742,5097,10445,protein_coding
ZNF74_chr22_20394115_20408461_+_ENSG00000185252.19_ENSG00000185252.19.unspliced,2842,5070,2709,3038,protein_coding
ZNF761_chr19_53431984_53461862_+_ENSG00000160336.17_ENSG00000160336.17.unspliced,1743,19100,1609,12695,protein_coding
ZNF766_chr19_52269587_52296046_+_ENSG00000196214.11_ENSG00000196214.11.unspliced,1052,12612,1193,9358,protein_coding
ZNF767P_chr7_149547154_149624752_-_ENSG00000291118.2_ENSG00000291118.2.unspliced,10507,36160,2729,25081,lncRNA
ZNF777_chr7_149431363_149461062_-_ENSG00000196453.8_ENSG00000196453.8.unspliced,6612,10276,2739,6857,protein_coding
ZNF780A_chr19_40069152_40090943_-_ENSG00000197782.15_ENSG00000197782.15.unspliced,1996,19585,649,17186,protein_coding
ZNF780B_chr19_40028260_40056231_-_ENSG00000128000.17_ENSG00000128000.17.unspliced,1469,18748,488,18313,protein_coding
ZNF783_chr7_149262171_149297302_+_ENSG00000204946.10_ENSG00000204946.10.unspliced,15518,13520,11532,9211,protein_coding
ZNF787_chr19_56087366_56121295_-_ENSG00000142409.6_ENSG00000142409.6.unspliced,17343,5161,15316,235,protein_coding
ZNF789_chr7_99472890_99503650_+_ENSG00000198556.14_ENSG00000198556.14.unspliced,2759,8012,1200,6071,protein_coding
ZNF7_chr8_144827518_144847509_+_ENSG00000147789.16_ENSG00000147789.16.unspliced,6571,6083,4791,3170,protein_coding
ZNF8-ERVK3-1_chr19_58278966_58315197_+_ENSG00000267216.1_ENSG00000267216.1.unspliced,2635,15892,2997,10362,lncRNA
ZNF808_chr19_52527652_52564464_+_ENSG00000198482.14_ENSG00000198482.14.unspliced,3198,15022,3161,11162,protein_coding
ZNF839_chr14_102317377_102342702_+_ENSG00000022976.16_ENSG00000022976.16.unspliced,4146,9270,3135,2005,protein_coding
ZNF865_chr19_55605647_55617269_+_ENSG00000261221.5_ENSG00000261221.5.unspliced,4330,1496,3903,239,protein_coding
ZNHIT3_chr17_36486629_36499310_+_ENSG00000273611.5_ENSG00000273611.5.unspliced,727,6610,1432,4485,protein_coding
ZPR1_chr11_116773799_116788039_-_ENSG00000109917.11_ENSG00000109917.11.unspliced,2566,10083,290,9024,protein_coding
ZSCAN25_chr7_99616946_99632408_+_ENSG00000197037.11_ENSG00000197037.11.unspliced,4587,8057,5304,7095,protein_coding
ZSCAN32_chr16_3382081_3401065_-_ENSG00000140987.21_ENSG00000140987.21.unspliced,2104,7023,1642,6120,protein_coding
ZSWIM8_chr10_73785606_73801797_+_ENSG00000214655.11_ENSG00000214655.11.unspliced,7615,3720,5450,357,protein_coding
ZXDC_chr3_126437601_126475891_-_ENSG00000070476.15_ENSG00000070476.15.unspliced,9353,19447,10491,11005,protein_coding
ZYX_chr7_143381295_143391111_+_ENSG00000159840.16_ENSG00000159840.16.unspliced,6213,1091,4996,379,protein_coding