,,p0.05_pval,p0.05_totaln,p0.01_pval,p0.01_totaln,p0.001_pval,p0.001_totaln
XrA,RBM15_SRSF1,0.3294713,14861,0.4156289,632,0.5,1
XrE,PTBP1_MATRN3_TIA1,< 2.2e-230,46013,< 2.2e-230,26740,1.23E-55,220
M1,TRA2A_KHDRBS1,1.15E-229,39992,3.49E-157,22473,0.2413793,15
M3,U2AF1_U2AF2,6.26E-19,133433,6.84E-47,25732,0.5,1
M6,U2AF1_U2AF2,0.6783675,154322,1.29E-10,64695,0.01298865,49